Timeslot,Episodes,Viewers,Date,Viewers,Date,Viewers,TV season,Viewership rank,Avg. viewers
26.21;809.124;648.124;3505.752;50.650;52.759;112.9454;824.52;657.50;356.124;
7810.749;55.657;54.452;576.137;576.36;4009.332;68.837;68.536;24.9473;572.137;
784.36;416.72;3407.837;76.736;8.487;72.8361;829.236;908.0;40.0;9682.772;
139.832;36.924;0.8493;30.0;472.137;768.36;8329.656;72.839;132.336;232.9763;
70.0;30.72;837.68;1184.736;48.772;141.368;36.7979;580.72;839.248;651.192;
6287.885;120.50;0.70;243.9039;870.72;839.132;636.248;6268.30;0.70;72.837;
68.3632;336.96;572.141;45.53;6198.314;0.60;72.837;68.8780;736.64;572.139;
568.36;9962.648;72.837;68.436;32.4602;476.139;576.36;556.65;4824.884;233.61;
0.60;72.3892;839.84;636.64;572.141;9155.576;36.780;232.808;0.1476;40.0;
372.141;376.36;5302.380;232.910;4.70;0.1582;451.192;772.129;896.208;8694.50;
0.70;95.895;204.9632;904.204;904.204;904.204;6542.476;137.768;36.524;72.8856;
837.84;436.16;372.137;9859.576;36.78;72.831;236.0518;740.72;839.76;636.64;
0535.772;139.368;36.348;255.5242;680.56;372.139;576.36;6353.356;72.837;1.372;
139.1472;768.36;456.72;831.56;8175.70;117.421;72.839;76.5006;536.64;672.139;
468.36;2248.748;255.580;48.772;139.4945;376.36;356.72;837.1;9502.472;131.896;
40.895;204.0133;904.204;376.137;676.36;3480.632;68.837;68.536;24.5945;472.137;
684.36;416.72;6654.837;76.536;8.787;72.2779;829.236;828.0;70.0;8021.898;
68.736;48.417;198.4855;568.36;449.39;898.68;8568.436;50.357;198.668;36.9280;
751.3;898.68;636.52;3112.431;198.768;36.353;22.6640;898.68;536.54;513.198;
9961.668;36.655;8.898;68.4458;436.56;543.198;768.36;1637.557;34.898;68.436;
58.4434;736.198;568.36;659.20;1623.898;68.736;60.955;72.7004;841.84;736.48;
572.141;9230.376;36.448;232.468;11.0881;70.0;372.139;832.36;1765.844;0.60;
0.372;139.5464;840.36;868.0;60.0;5828.572;137.472;24.572;139.9358;832.36;
844.0;70.0;4543.772;139.840;36.876;0.2694;70.0;572.137;672.32;9211.572;
141.584;36.348;72.0749;839.132;736.144;60.0;2361.50;72.839;72.424;72.3611;
839.132;436.144;40.0;4891.70;255.480;32.772;139.9461;840.36;844.0;40.0;
0338.472;137.665;40.839;132.9956;736.160;60.0;70.65;9026.885;4.40;0.40;
65.0917;884.0;616.0;30.139;1322.908;51.901;72.839;132.0998;336.144;30.0;
60.255;1754.380;40.572;139.840;36.2735;844.0;30.0;572.137;5226.465;8.839;
132.636;160.4747;40.0;60.68;839.192;4514.672;139.848;36.852;0.1331;70.0;
772.139;832.36;9171.844;0.70;0.772;139.8151;572.8;932.195;49.0;2794.30;
72.839;132.636;144.4884;30.0;30.72;839.64;8977.58;72.837;68.636;64.6308;
572.139;832.36;844.0;7154.30;0.839;76.436;64.3327;839.64;38.43;893.59;
3079.832;36.860;0.40;0.0633;815.74;472.139;832.36;3015.844;0.60;0.772;
139.7368;580.8;572.139;832.36;5905.844;0.60;0.672;139.2374;372.8;932.91;
410.0;1380.40;72.839;132.336;144.4686;30.0;30.72;839.72;7409.58;232.790;
11.70;0.1565;372.152;672.139;840.36;3406.844;0.70;0.672;3.0661;565.8;
472.139;840.36;6303.844;0.40;0.472;137.7869;565.8;935.156;572.139;2821.832;
36.844;0.40;0.6834;772.139;376.36;564.72;5480.837;72.38;184.71;0.2408;
30.0;572.107;892.0;1826.472;139.840;36.844;0.6791;30.0;672.3;565.8;
8572.672;139.908;72.839;132.5794;736.144;70.0;40.72;7337.839;72.524;72.839;
132.4783;636.144;30.0;40.255;8567.580;32.372;139.840;36.1332;844.0;30.0;
372.137;0880.565;56.884;1.60;0.4665;70.72;807.192;517.72;3508.839;140.736;
144.40;0.8221;60.72;63.65;68.72;2227.839;208.372;139.832;36.1836;844.0;
50.0;472.139;8559.572;24.772;139.832;36.0013;844.0;70.0;955.80;1485.432;
72.839;140.536;144.7339;50.0;40.72;837.65;8762.448;184.71;0.40;0.8482;
472.107;892.30;472.139;5040.840;36.844;0.60;0.2143;672.3;365.8;476.139;
8164.892;72.841;84.536;120.0799;572.139;840.36;844.0;1004.30;0.932;125.953;
255.1299;955.199;668.36;536.0;4309.30;0.30;72.841;68.2897;336.72;572.139;
948.51;4067.892;185.748;0.60;0.5063;943.170;884.1;30.0;4386.30;72.807;
192.554;72.4597;839.76;536.64;372.3;0085.900;72.839;193.672;139.7205;840.36;
844.0;70.0;8797.472;137.565;8.572;139.1306;832.36;844.0;50.0;9909.472;
131.892;64.885;8.8315;60.0;70.72;807.201;5935.40;72.837;68.312;72.2142;
472.139;832.36;844.0;0859.50;0.772;131.892;72.1591;885.8;40.0;40.72;
0961.807;201.31;72.837;68.9235;412.72;472.139;832.36;9521.844;0.50;0.672;
131.0018;892.80;885.8;30.0;7661.40;72.807;201.52;72.1592;837.68;412.72;
672.139;4684.832;36.844;0.60;0.7408;372.131;892.88;885.8;4293.60;0.60;
72.807;201.1751;73.72;837.68;712.72;6136.772;139.832;36.844;0.8710;50.0;
672.131;892.96;3296.885;8.60;0.50;72.8485;807.201;74.72;837.68;3064.312;
72.572;139.832;36.4060;844.0;30.0;572.131;3639.892;104.885;8.40;0.1377;
50.72;807.201;35.72;9222.837;68.412;72.899;68.1855;636.36;56.0;30.0;
8583.899;68.436;32.60;0.3662;40.0;935.10;839.68;5822.536;32.955;192.837;
68.9509;336.32;839.68;736.36;7896.557;68.336;32.825;93.0358;472.139;832.36;
844.0;2671.70;0.472;139.780;8.0051;372.139;832.36;844.0;3046.50;0.572;
139.472;24.7692;472.139;832.36;844.0;5266.40;0.955;80.632;72.0949;399.76;
336.32;772.139;6033.476;204.772;72.837;1.5241;772.139;832.36;844.0;9555.40;
0.572;139.472;8.5549;932.81;69.0;70.72;8585.852;72.839;140.436;144.8405;
70.0;70.72;63.65;7143.48;72.839;140.636;144.7647;40.0;50.72;837.65;
8686.38;235.843;72.839;132.4304;636.144;30.0;70.72;9997.831;192.812;185.68;
0.2183;40.0;572.107;901.0;1475.472;137.768;12.672;199.8733;368.36;336.1;
30.0;9589.50;199.568;36.640;0.2302;50.0;60.235;510.139;5001.468;36.740;
255.892;137.3006;468.36;740.139;668.36;7960.436;57.468;36.640;125.3912;793.72;
839.132;636.144;0748.40;0.50;72.839;80.8540;68.72;839.132;736.144;6545.60;
0.30;72.839;72.3885;724.72;839.132;536.144;8202.50;0.30;255.380;32.0707;
472.99;776.36;640.72;2505.839;76.904;72.772;137.3955;31.72;839.132;536.144;
1714.60;0.30;72.839;72.7069;68.232;880.8;70.0;0685.572;152.572;139.840;
36.3847;844.0;70.0;772.3;8204.365;8.672;139.840;36.2412;844.0;30.0;
572.137;8490.665;8.935;143.772;139.0297;832.36;844.0;50.0;2776.839;76.436;
64.839;64.5834;68.43;893.139;892.68;8921.839;192.451;210.372;139.9018;576.36;
464.232;56.7;5092.40;0.472;139.832;36.7699;844.0;60.0;672.139;2816.776;
36.364;72.837;72.8801;48.72;829.196;828.0;5853.50;0.395;195.904;204.4703;
904.204;904.204;904.204;7614.904;204.904;204.772;137.2345;576.36;58.87;772.129;
3021.936;144.40;0.70;72.8786;839.140;636.160;30.0;3075.60;232.834;5.50;
0.8290;572.137;668.36;772.72;7481.839;84.736;72.672;139.5751;840.36;860.0;
40.0;0694.932;191.41;0.70;72.3314;839.132;336.160;40.0;0290.40;72.839;
64.416;72.1341;837.68;636.48;899.68;8852.636;32.30;0.30;0.0121;372.139;
568.36;648.131;9460.556;0.816;49.572;139.8815;468.36;648.139;70.139;1542.476;
36.632;141.468;1.2476;44.137;368.36;632.72;0950.839;68.636;48.839;0.0791;
831.192;74.139;892.72;1848.839;76.436;48.372;3.3967;900.72;839.193;572.137;
0990.768;36.548;235.897;139.3425;768.36;732.131;892.4;4030.837;68.536;32.772;
141.2018;368.36;488.72;839.248;3598.451;192.885;48.60;0.5216;50.243;870.72;
841.5;0454.788;255.955;255.372;137.1345;768.36;364.72;899.68;5776.536;40.50;
0.30;0.7155;765.184;348.0;40.0;2286.372;141.784;36.788;72.0349;839.76;
436.64;772.139;7134.832;36.860;0.70;0.7723;955.80;812.72;833.192;3275.816;
93.829;124.536;120.4634;50.0;71.0;817.60;2824.772;139.468;36.564;72.0517;
45.255;955.0;40.72;4446.337;0.30;255.955;72.3506;837.68;436.40;839.68;
2131.736;32.772;139.776;36.4171;740.72;33.200;772.139;6144.893;72.839;76.336;
112.2105;572.139;484.36;688.72;8660.73;209.372;139.902;72.9459;359.193;819.2;
935.23;1229.372;139.468;36.812;72.4812;839.76;336.88;772.3;3078.900;72.839;
193.372;137.7046;468.36;464.235;831.68;9479.839;76.736;32.576;139.6486;568.36;
740.72;839.84;0381.336;72.572;139.840;36.8113;860.0;50.0;932.225;7634.62;
0.50;139.768;36.8219;332.68;839.192;372.139;6836.832;36.860;0.70;0.5706;
472.139;580.16;372.139;2871.576;36.540;232.944;4.2060;40.0;772.139;468.36;
7421.540;139.50;137.668;36.6607;356.184;61.0;40.0;3253.472;107.892;4.372;
139.4151;376.36;740.72;33.200;6241.672;139.893;72.837;68.2022;436.80;839.68;
736.56;1866.831;192.54;139.892;72.1699;839.76;636.40;672.3;2296.900;72.839;
193.885;1.7435;30.0;60.72;807.201;5130.44;72.839;84.636;40.3687;572.3;
909.72;839.202;4906.576;139.900;68.839;193.2951;472.139;832.36;860.0;0983.30;
0.672;139.380;32.8302;472.139;832.36;860.0;0117.60;0.672;139.672;24.0424;
955.84;636.80;844.72;7149.829;196.844;0.40;0.9564;595.195;904.204;904.204;
3612.904;204.904;204.904;204.3012;904.204;772.137;584.36;9985.316;72.837;76.636;
8.7753;372.131;936.104;665.184;1782.40;16.30;0.551;210.9650;672.139;576.36;
820.232;1870.908;4.30;0.572;184.6804;800.105;815.111;814.100;7279.801;114.372;
137.768;36.9753;656.65;884.8;60.0;7669.70;72.841;84.736;56.9324;372.139;
476.36;820.232;1591.344;4.30;0.884;1.6410;50.0;40.72;807.192;8637.316;
72.839;76.636;120.0746;472.3;900.72;839.193;4820.572;137.568;36.332;72.0985;
899.68;736.48;50.0;0520.30;0.884;1.40;0.6854;70.72;805.192;499.1;
6225.70;0.672;139.376;36.3079;812.72;33.65;38.76;5452.839;192.372;141.384;
36.2685;748.72;839.76;636.112;8312.932;195.948;255.955;72.2685;899.68;636.40;
40.0;8280.50;0.884;1.50;0.2537;60.72;805.192;809.1;1447.60;0.472;
139.676;36.3574;812.72;63.65;68.76;3584.839;192.672;141.484;36.9869;740.72;
839.76;336.112;8824.932;147.948;255.955;184.7442;51.0;30.0;572.105;5236.892;
120.51;0.40;72.9117;839.76;636.112;672.3;9449.465;8.772;139.908;72.6544;
839.76;436.40;772.139;9771.668;36.812;255.680;32.7275;472.137;368.36;364.51;
8649.901;255.684;36.464;72.6306;837.68;336.72;884.1;3191.50;0.50;72.805;
192.6319;826.1;50.0;372.139;4154.476;36.812;72.43;65.8611;68.72;839.208;
672.139;2527.776;36.540;72.839;68.1076;536.112;955.80;732.185;8110.564;0.30;
0.572;107.4931;901.0;672.139;784.36;7247.732;72.837;4.510;184.9457;364.0;
30.0;372.107;5485.892;0.672;139.576;36.6243;732.72;899.68;61.8;8169.63;
0.40;0.884;64.5316;50.0;70.72;807.192;0319.50;72.839;76.336;32.1626;
472.3;900.72;839.193;9652.885;8.30;0.40;72.5491;807.201;31.72;841.21;
8513.560;5.40;0.672;137.5082;384.8;716.184;31.0;1213.40;0.472;105.892;
144.3644;41.0;60.72;839.76;4529.436;112.472;3.465;8.9112;372.139;908.72;
839.76;5713.536;48.672;139.668;36.3574;812.255;680.32;885.64;9446.40;0.70;
72.807;201.9922;71.72;839.84;636.32;8336.472;137.54;10.884;64.3299;30.0;
50.72;807.192;6542.51;72.839;76.736;32.9309;372.199;568.1;68.4;2101.50;
0.60;184.664;0.5869;60.0;572.107;892.1;0544.472;139.476;36.632;72.6126;
33.200;672.139;893.185;5360.78;0.50;0.672;107.1016;901.0;372.139;684.36;
0742.472;72.837;84.78;16.3248;772.199;768.36;480.2;2342.70;0.30;184.364;
0.9624;70.0;572.107;892.1;9825.772;139.676;36.732;72.8644;53.200;772.139;
893.185;3406.78;0.50;0.372;107.3329;901.1;772.139;584.36;3019.480;72.837;
84.68;16.7277;884.64;60.0;30.72;4195.807;192.41;72.839;76.5584;436.32;
772.3;900.72;8244.839;193.885;8.60;0.4379;60.72;807.201;72.72;1498.841;
21.810;4.70;0.6547;672.137;484.8;416.72;0436.831;196.804;195.904;204.0820;
904.204;668.137;376.36;8387.632;76.837;68.336;24.8625;672.137;684.36;716.72;
2447.837;76.436;8.472;131.5820;936.56;884.1;30.0;1400.50;72.807;192.68;
72.3339;839.76;536.72;572.3;3649.900;72.839;193.365;184.9563;48.0;30.0;
351.210;8912.572;139.900;232.816;2.1701;60.0;884.1;50.0;5062.30;72.807;
192.316;72.2167;839.76;336.72;772.3;4769.900;72.839;193.772;137.7667;668.36;
532.184;564.0;1898.60;0.472;107.892;2.7499;572.139;576.36;432.72;0056.839;
84.436;64.572;139.9126;482.40;772.137;620.1;2197.884;64.50;0.30;72.6386;
807.192;32.72;839.76;2751.736;32.372;199.368;1.1380;58.4;60.0;60.184;
2039.564;0.30;0.672;107.4461;892.2;672.139;776.36;4155.632;72.33;200.472;
139.1748;893.185;78.0;60.0;7851.472;107.901;0.772;139.8810;684.36;680.72;
837.84;9968.38;16.884;64.60;0.0903;70.72;807.192;62.72;4019.839;76.336;
32.372;3.3936;900.72;839.193;885.8;2259.70;0.30;72.807;201.1761;71.139;
584.36;788.72;6690.837;84.48;16.884;64.1302;50.0;40.72;807.192;2856.72;
72.839;76.536;32.6735;672.3;900.72;839.193;7858.885;8.50;0.50;72.7422;
807.201;62.72;899.68;8271.68;16.70;48.30;0.0424;884.64;30.0;70.72;
9028.807;192.72;72.839;76.9296;436.32;372.3;900.72;7233.839;193.885;8.70;
0.2200;70.72;807.201;63.72;5984.899;68.58;16.664;0.8043;30.0;769.51;
892.72;7721.839;84.636;32.372;141.6839;413.49;63.0;60.72;2262.839;68.536;
64.955;80.9071;680.72;837.68;736.40;9009.472;139.676;36.740;72.4398;839.68;
536.64;955.80;2079.688;51.910;72.839;76.0927;736.40;572.139;368.36;5723.364;
255.780;96.572;139.7263;376.36;540.72;839.68;1171.336;64.955;80.804;144.7304;
772.131;896.56;895.204;1887.904;204.904;204.772;137.4586;476.36;38.72;831.236;
5996.672;72.899;68.536;32.6408;60.0;50.0;672.184;6108.40;0.953;255.955;
7.3196;40.0;772.137;568.36;2334.440;72.831;124.536;32.2108;50.117;453.65;
885.4;8846.40;0.60;65.884;0.3491;348.0;70.186;60.0;8152.61;0.772;
139.676;36.3543;740.72;839.68;436.80;6725.955;80.440;72.837;68.2401;736.32;
372.139;368.36;1374.340;72.445;0.50;1.9098;40.72;837.68;636.40;8434.935;
195.472;184.800;105.9230;815.111;814.100;801.114;6485.372;137.368;36.748;65.3169;
884.8;50.0;70.72;4920.841;84.336;48.372;139.5415;776.36;732.232;662.0;
5540.60;0.884;1.70;0.6639;60.72;807.192;38.72;9551.839;76.436;32.472;
3.7010;900.72;839.193;565.184;9143.38;0.60;0.372;141.3538;784.36;480.72;
839.200;4384.932;23.30;0.70;72.2206;839.68;736.32;472.131;5933.896;72.895;
204.904;204.2636;904.204;904.204;904.204;1637.904;204.904;204.676;137.5338;568.36;
724.72;837.84;8477.336;16.372;137.576;36.9084;38.72;831.236;740.72;0691.839;
68.336;48.372;137.7928;44.36;372.139;368.36;5233.756;72.837;68.636;8.2880;
772.139;468.36;364.72;1826.837;68.736;16.772;139.3231;668.36;764.72;955.200;
7828.572;137.468;36.464;72.6091;831.124;336.16;50.116;0481.340;72.839;4.736;
72.7658;839.76;636.8;715.182;7464.39;136.78;72.839;4.0529;536.72;955.192;
472.137;9081.74;36.572;139.368;36.1855;68.72;955.192;672.137;5640.468;36.58;
235.885;72.4612;839.68;636.48;772.131;4531.896;40.895;204.904;204.4029;904.204;
904.204;904.204;3028.576;137.368;36.524;137.9362;484.36;616.72;837.76;6597.736;
8.772;131.936;24.1876;772.139;568.36;632.72;4854.837;4.536;72.839;68.8753;
436.48;372.137;468.36;2992.48;72.839;68.636;48.5620;472.255;900.72;837.68;
8825.436;48.672;131.824;36.0778;78.0;818.24;572.139;2135.44;36.615;182.576;
36.0074;740.136;68.72;839.4;4198.436;72.955;192.472;137.3258;54.36;935.201;
372.139;5431.768;36.732;72.831;196.3387;524.195;904.204;904.204;3743.772;137.384;
36.716;72.9804;837.76;336.8;472.131;3538.936;88.472;139.676;36.4072;396.232;
884.0;70.0;8880.837;68.536;36.899;68.2671;636.48;771.0;60.0;8091.899;
68.336;52.478;0.2425;50.0;899.68;736.56;7660.575;0.70;0.899;68.8444;
336.60;819.0;30.0;5489.899;68.536;64.806;0.7264;60.0;899.68;736.68;
6696.819;0.60;0.899;68.9601;736.72;597.0;50.0;9131.899;68.536;76.673;
0.6110;50.0;899.68;736.32;9504.70;0.70;0.935;10.0601;839.68;336.32;
955.192;6855.837;68.436;32.839;68.6965;636.36;657.68;636.32;1655.815;58.839;
68.336;32.5191;672.139;776.36;496.15;5837.890;4.31;137.668;36.6063;640.51;
910.139;468.36;6780.732;185.58;0.70;0.2427;947.241;839.194;839.192;8709.839;
76.336;40.751;76.2891;832.48;839.193;839.76;9266.536;32.672;139.584;36.8165;
804.136;74.10;935.178;4937.839;68.536;36.672;139.6601;376.36;804.198;64.1;
3371.50;184.61;0.30;0.8783;372.131;896.88;895.204;6837.904;204.904;204.472;
137.9571;376.36;58.72;831.236;7852.324;199.44;36.40;0.9060;70.0;839.4;
636.72;4479.839;76.336;32.615;190.9949;54.1;831.248;955.116;7582.510;139.34;
36.955;192.3673;837.4;536.235;929.139;2075.54;36.772;131.896;24.4161;895.204;
904.204;904.204;2638.904;204.904;204.904;204.0656;904.204;372.137;476.36;1656.58;
72.831;236.624;199.2028;44.36;50.0;60.0;9573.935;8.839;4.536;255.8805;
892.137;64.36;472.99;9348.44;36.472;139.776;36.3314;332.15;890.4;51.133;
2786.892;117.77;139.74;36.8912;955.192;935.2;935.222;7922.772;131.896;24.895;
204.6154;904.204;904.204;904.204;6734.772;184.60;0.953;255.1922;955.7;50.0;
472.187;1811.800;105.815;111.814;100.1515;801.114;372.139;68.72;4369.459;203.816;
8.772;45.6591;30.16;70.0;935.240;6831.572;131.892;8.576;139.7793;908.72;
839.24;472.131;9794.951;2.827;100.372;199.9070;893.64;60.0;30.72;6673.515;
175.917;72.831;192.1786;58.72;33.195;676.139;1561.788;8.673;131.951;0.0866;
826.58;372.139;472.16;9562.773;131.951;1.826;48.3251;572.139;680.24;373.131;
0267.951;2.826;38.476;139.6141;364.32;373.131;951.3;8526.826;28.776;139.572;
40.2227;473.131;951.4;826.18;6108.576;139.588;48.476;137.1695;692.36;640.76;
839.88;2542.556;76.837;92.636;48.9931;777.139;426.73;955.195;8744.677;137.626;
72.839;0.2834;955.224;772.199;892.0;7113.40;0.50;195.60;43.2797;463.58;
55.19;320.37;3991.534;6.542;25.514;27.8316;54.8;955.11;733.42;5000.619;
38.630;3.559;38.7774;560.50;754.255;48.32;1478.415;18.57;22.415;45.3939;
54.33;737.25;456.24;0445.520;61.634;6.546;27.4803;526.18;319.255;517.39;
4353.657;3.431;22.713;25.4208;653.33;663.18;39.3;6366.955;10.347;59.333;
3.8088;618.22;46.33;68.34;9268.427;15.350;25.955;4.6502;760.46;622.30;
318.53;4307.333;53.743;42.319;26.4459;724.14;437.16;433.57;3656.628;255.520;
59.441;26.7854;73.3;553.33;353.43;4660.342;19.426;24.614;37.5637;716.33;
357.28;955.16;6083.647;34.33;44.524;19.6570;429.47;760.46;622.14;6070.67;
14.338;43.425;36.8754;75.1;552.0;537.43;6009.344;42.620;1.74;255.8334;
74.34;736.4;315.35;1480.69;59.634;47.347;7.4888;45.24;513.30;340.60;
2635.632;255.417;39.557;3.9928;631.22;613.24;550.43;9704.557;14.955;21.758;
39.9398;454.14;519.39;560.41;0339.645;63.730;5.525;53.8056;540.37;534.46;
787.4;3186.52;12.343;34.460;107.0411;524.12;787.7;760.41;2663.445;63.730;
5.425;18.3018;815.103;807.62;787.11;2570.319;5.759;34.361;56.6835;677.74;
382.17;955.21;6287.358;39.754;14.319;39.3214;360.41;645.63;330.5;0653.625;
53.540;37.334;46.5654;587.37;560.255;423.43;9792.457;4.53;4.521;105.6593;
534.32;663.18;624.18;7525.45;255.70;47.763;18.2165;744.2;315.42;651.39;
2848.636;25.574;18.615;61.4529;534.60;646.19;955.23;1065.447;56.64;3.625;
6.8447;805.55;533.34;325.30;7406.318;19.805;51.333;107.7508;525.15;415.21;
805.55;6503.447;50.327;5.422;5.5334;955.23;360.36;43.15;0851.520;21.805;
34.432;63.5415;618.24;318.5;955.0;7916.642;34.768;88.589;5.2437;637.43;
955.18;461.46;7942.35;89.669;79.745;43.4861;734.255;30.43;363.51;2740.541;
255.32;32.462;26.2552;762.31;319.44;738.42;6896.528;30.44;19.414;62.8500;
752.255;62.32;762.26;7119.637;21.311;44.636;58.1266;356.255;421.59;737.39;
6336.311;14.413;38.638;42.2560;807.22;330.87;40.45;0389.435;60.346;4.425;
74.7395;768.57;803.57;334.3;0639.62;87.468;32.803;47.1007;357.16;431.26;
74.39;0716.551;61.955;19.338;62.6403;725.14;318.19;76.41;6171.734;50.363;
11.57;17.4105;644.41;761.28;731.15;6592.425;40.361;52.628;42.6127;730.4;
430.15;546.255;5501.955;204.904;204.904;204.3353;904.204;892.53;30.0;2487.576;
137.376;36.632;68.8323;837.68;436.24;672.137;8968.484;36.616;72.837;76.0112;
336.8;687.72;829.236;7624.648;1.40;0.772;139.7420;832.36;664.1;40.0;
1275.572;137.768;36.556;72.1329;839.132;336.72;71.0;5768.40;72.837;68.336;
48.2740;772.141;668.36;580.72;8327.839;248.751;192.885;216.3585;40.0;70.243;
870.72;7748.839;132.736;88.31;0.9349;50.72;837.68;536.96;0420.472;141.45;
149.545;0.1254;60.72;837.68;536.64;2338.572;139.568;36.448;72.5862;837.68;
536.32;376.139;9392.776;36.456;65.884;196.3836;67.0;50.72;839.84;0124.736;
64.572;141.776;36.0461;480.232;888.0;30.0;8875.372;141.576;36.680;232.1231;
798.22;60.0;884.1;2253.40;0.40;72.805;192.7021;368.6;70.0;672.139;
0645.576;36.688;72.63;200.6776;472.139;893.72;839.208;0936.672;141.476;36.480;
232.1377;826.44;70.0;751.192;5621.372;129.896;48.61;0.0384;40.95;895.204;
904.204;7817.572;131.936;24.472;199.4839;54.36;50.0;30.0;8184.801;72.839;
4.437;96.1012;40.0;60.72;837.4;2452.536;72.839;4.336;72.9227;839.64;
724.72;831.196;8960.324;195.904;204.904;204.9759;904.204;904.204;904.204;4924.676;
137.468;36.424;72.0279;837.84;536.16;772.137;1623.676;36.38;72.831;236.1609;
740.72;839.76;736.64;1600.572;139.368;36.548;255.2424;680.64;572.139;476.36;
1428.356;72.837;1.572;139.2836;468.36;656.72;831.56;2937.70;117.521;72.839;
76.7594;536.64;672.139;768.36;1527.348;255.780;56.672;139.5031;776.36;656.72;
837.1;7426.372;131.896;40.895;204.3961;904.204;776.137;476.36;8569.532;68.837;
68.336;24.9936;372.137;584.36;416.72;9159.837;76.436;8.587;72.2804;829.236;
876.0;50.0;2012.898;68.536;56.810;198.5039;468.36;357.37;898.68;1351.536;
58.358;198.568;36.2425;659.5;898.68;336.60;2124.567;198.368;36.461;0.9641;
898.68;336.62;489.198;7913.768;36.563;0.898;68.9489;436.64;784.198;668.36;
7218.465;32.898;68.636;66.8146;539.198;468.36;367.18;3705.898;68.736;68.955;
72.1630;841.84;736.56;472.141;3686.776;36.556;232.652;42.1459;30.0;772.139;
832.36;4067.892;0.40;0.572;139.2111;840.36;916.0;50.0;7673.672;137.672;
24.772;139.0388;832.36;892.0;70.0;9182.472;139.840;36.924;0.5242;40.0;
472.137;772.40;5207.672;141.784;36.456;72.5552;839.132;436.192;50.0;6514.50;
72.839;72.324;72.6219;839.132;536.192;60.0;5623.40;255.380;40.372;139.3432;
840.36;892.0;50.0;9382.472;137.765;48.839;132.2426;636.208;70.0;70.65;
5733.885;4.30;0.30;65.5761;884.0;316.0;30.139;1979.908;51.901;72.839;
132.2101;636.192;50.0;50.255;1848.480;48.672;139.840;36.5364;892.0;60.0;
672.137;8127.665;8.839;132.636;208.7644;70.0;40.68;839.192;7856.372;139.848;
36.900;0.2793;40.0;672.139;832.36;9553.892;0.70;0.772;139.8335;472.8;
932.179;740.0;2601.70;72.839;132.736;192.1171;30.0;60.72;839.64;2924.38;
72.837;68.436;72.5756;672.139;832.36;892.0;8717.30;0.839;76.636;72.9497;
839.64;58.43;893.59;9448.832;36.908;0.40;0.6832;815.74;372.139;832.36;
0306.892;0.60;0.772;139.9924;580.8;772.139;832.36;4578.892;0.40;0.472;
139.6646;772.8;932.75;741.0;2375.60;72.839;132.736;192.0992;60.0;30.72;
839.72;0749.78;232.774;42.40;0.0377;572.152;372.139;840.36;4388.892;0.60;
0.672;3.1410;565.8;372.139;840.36;6288.892;0.30;0.372;137.1065;365.8;
935.156;472.139;0647.832;36.892;0.70;0.8671;572.139;676.36;672.72;4277.837;
72.68;184.71;0.1926;50.0;472.107;892.0;8175.672;139.840;36.892;0.0319;
70.0;372.3;365.8;3547.772;139.908;72.839;132.2178;436.192;30.0;40.72;
6402.839;72.624;72.839;132.9622;736.192;30.0;70.255;7372.780;40.672;139.840;
36.0520;892.0;70.0;572.137;5299.565;64.884;1.50;0.2187;60.72;807.192;
617.72;8380.839;140.536;192.40;0.1279;50.72;63.65;48.72;2612.839;208.672;
139.832;36.6157;892.0;60.0;672.139;2125.572;24.372;139.832;36.6572;892.0;
70.0;955.80;2520.340;72.839;140.536;192.5896;50.0;60.72;837.65;9024.656;
184.41;0.70;0.6091;372.107;892.30;672.139;2848.840;36.892;0.30;0.1413;
772.3;365.8;372.139;2892.840;36.892;0.40;0.4776;672.131;893.32;576.139;
0901.892;72.839;209.372;139.7381;840.36;892.0;30.0;5741.932;115.953;255.955;
184.9285;31.0;60.0;372.107;8156.892;36.372;139.840;36.3764;892.0;70.0;
472.3;7582.665;8.576;139.892;72.9862;841.148;336.160;40.0;6040.40;72.839;
140.336;192.7533;60.0;70.232;470.253;4996.955;255.899;68.736;32.2901;30.0;
70.0;372.141;6406.468;36.780;72.839;248.8806;451.192;885.72;70.0;7639.50;
243.870;184.51;0.6357;60.0;572.107;892.60;4314.372;139.476;36.572;72.4549;
33.200;372.139;893.72;5331.839;140.636;192.30;0.5460;40.72;837.65;48.72;
0619.839;132.436;192.70;0.7736;60.72;831.192;672.185;1512.38;0.60;0.572;
107.6035;901.0;372.137;568.12;9915.480;72.839;132.436;192.7970;30.0;30.72;
831.192;5436.380;185.58;0.70;0.8977;672.107;901.1;372.137;2347.568;12.380;
72.839;132.9648;536.192;50.0;40.72;1633.831;192.588;185.78;0.5045;30.0;
672.107;901.2;0189.772;137.668;12.480;72.6790;839.132;736.192;60.0;3634.70;
72.831;192.796;185.7108;38.0;50.0;472.107;2927.901;3.472;137.368;12.9769;
580.72;839.132;736.192;1166.60;0.30;72.831;192.3850;804.185;78.0;50.0;
4634.772;107.901;4.672;137.8785;468.12;380.72;839.132;7357.536;192.70;0.40;
72.4645;831.192;812.185;58.0;8161.70;0.472;107.901;5.2463;672.137;668.12;
480.199;7921.368;36.332;6.30;0.5315;30.199;368.36;736.0;8326.50;0.30;
235.710;139.7957;668.36;636.255;892.137;2159.368;36.536;139.468;36.9526;432.57;
668.36;536.125;7257.593;72.839;132.536;192.6182;60.0;60.72;839.80;1665.38;
72.839;132.736;192.0556;50.0;40.72;839.72;9702.724;72.839;132.736;192.1495;
30.0;30.255;380.40;6624.472;99.576;36.636;72.7657;839.76;904.80;672.137;
6759.31;72.839;132.436;192.4059;50.0;50.72;839.72;6438.48;232.510;40.60;
0.5131;572.152;372.139;840.36;3084.892;0.30;0.372;3.3969;565.8;772.139;
840.36;0561.892;0.60;0.572;137.4928;465.8;935.143;572.139;1903.832;36.892;
0.60;0.9863;572.131;892.120;885.8;1709.50;0.60;72.807;201.4663;40.72;
837.68;712.80;3398.472;139.832;36.892;0.4821;50.0;572.5;828.0;5312.30;
0.885;8.50;0.5148;40.72;807.201;61.72;8138.837;68.612;80.472;139.6114;
832.36;892.0;60.0;8139.772;5.836;0.60;0.2090;885.8;50.0;30.72;
9266.807;201.32;72.837;68.6230;512.80;672.139;832.36;7659.892;0.70;0.472;
5.0583;844.0;50.0;885.8;0544.60;0.70;72.807;201.2701;33.72;837.68;
712.80;4402.772;139.832;36.892;0.7537;30.0;672.5;852.0;1148.60;0.885;
8.60;0.4513;60.72;807.201;64.72;8175.837;68.712;80.472;139.6271;832.36;
892.0;50.0;0482.772;5.860;0.60;0.7531;885.8;60.0;60.72;2474.807;
201.45;72.837;68.0401;412.80;672.139;832.36;9499.892;0.40;0.572;5.1911;
868.0;70.0;885.8;0361.40;0.70;72.807;201.6646;56.72;837.68;612.80;
5865.672;139.832;36.892;0.2579;40.0;772.5;876.0;0839.70;0.885;8.70;
0.1628;60.72;807.201;57.72;3725.837;68.612;80.572;139.7262;832.36;892.0;
70.0;3609.372;5.884;0.50;0.9770;885.8;70.0;50.72;4501.807;201.68;
72.837;68.5359;512.80;899.68;636.32;2365.39;0.30;0.899;68.5021;436.40;
70.0;50.0;6164.935;10.839;68.736;40.0158;955.192;837.68;536.40;6507.839;
68.636;32.557;68.4647;336.40;825.93;472.139;2723.832;36.892;0.30;0.3841;
672.139;580.8;772.139;4514.832;36.892;0.50;0.0473;772.139;672.24;772.139;
6030.832;36.892;0.70;0.4703;955.80;640.72;399.76;5629.536;40.672;139.776;
204.6586;580.72;837.1;372.139;4807.832;36.892;0.70;0.1034;772.139;772.8;
932.141;9264.638;0.60;72.852;72.1391;839.140;536.192;30.0;0700.70;72.53;
65.78;72.7306;839.140;536.192;70.0;6504.50;72.837;65.68;235.5572;843.72;
839.132;736.192;8308.40;0.50;72.75;192.1526;40.0;70.185;58.0;6818.50;
0.672;107.901;0.6175;672.137;668.12;380.199;8060.668;36.732;1.50;0.8956;
40.199;468.36;444.0;5980.40;0.70;235.410;139.4064;768.36;744.255;892.137;
4018.568;36.544;139.368;36.2202;532.57;768.36;644.125;7569.793;72.839;132.436;
192.4254;50.0;70.72;839.80;5500.68;72.839;132.436;192.8255;60.0;40.72;
839.72;5121.524;72.839;132.436;192.0604;40.0;40.255;580.40;8175.372;99.676;
36.744;72.5427;839.76;904.80;672.137;4126.61;72.839;132.736;192.2406;70.0;
50.72;839.72;0174.58;232.938;37.40;0.7521;372.152;372.139;840.36;1905.892;
0.40;0.672;3.1203;365.8;672.139;840.36;2994.892;0.30;0.372;137.9617;
665.8;935.143;572.139;1465.832;36.892;0.30;0.4355;672.5;900.0;50.0;
7255.885;8.40;0.70;72.1563;807.201;50.72;837.68;8657.512;80.772;139.832;
36.3507;892.0;40.0;372.5;6656.908;0.40;0.885;8.0262;30.0;30.72;
807.201;4372.51;72.837;68.712;80.8284;899.68;336.32;32.0;0850.70;0.899;
68.636;48.1208;40.0;70.0;935.10;9266.839;68.336;48.955;192.8629;837.68;
536.48;839.68;6576.336;32.657;68.736;48.8490;825.93;672.139;832.36;9872.892;
0.40;0.672;139.0383;380.8;372.139;832.36;7739.892;0.70;0.472;139.0558;
772.32;772.139;832.36;3317.892;0.50;0.955;80.0271;540.72;799.76;636.48;
1126.572;139.476;204.380;72.9278;837.1;572.139;832.36;6120.892;0.70;0.572;
139.3985;472.8;932.51;437.0;8836.70;72.852;72.839;140.3396;336.192;70.0;
30.72;6744.33;65.48;72.839;140.4302;536.192;50.0;60.72;1686.837;65.58;
235.843;72.0848;839.132;636.192;30.0;2984.50;139.576;36.572;139.3073;564.8;
443.193;839.192;2471.468;139.892;51.910;72.2656;839.76;536.72;932.133;1001.535;
0.50;72.839;132.3686;336.192;30.0;50.72;5756.839;76.636;72.672;137.7958;
572.8;672.129;896.176;9951.40;0.30;95.895;204.9431;904.204;904.204;904.204;
3684.904;204.904;204.676;137.3158;568.36;624.72;837.84;2844.336;16.572;137.576;
36.7383;68.72;831.236;804.72;6870.839;76.336;120.672;139.4875;468.36;812.255;
580.56;3997.472;137.568;36.772;72.6482;839.76;636.72;932.161;1589.63;0.30;
72.837;68.9546;336.48;372.131;824.36;4065.748;0.817;46.884;1.8547;50.0;
30.72;805.192;0936.807;1.70;0.772;139.6194;776.36;812.72;53.65;5617.58;
76.839;68.736;72.8774;472.139;908.72;839.76;2829.536;112.932;173.636;0.0758;
40.51;892.233;817.2;0937.30;0.772;139.832;36.1104;828.0;60.0;372.139;
7017.376;36.548;72.837;136.8724;860.6;30.0;772.139;4808.832;36.828;0.60;
0.8517;372.139;676.36;372.72;3339.837;136.844;6.50;0.0368;472.139;832.36;
828.0;9879.40;0.472;139.676;36.1657;748.139;773.64;837.136;3015.852;6.50;
0.572;139.7796;832.36;828.0;40.0;3393.565;184.60;2.30;0.5169;372.139;
784.36;648.72;2000.839;200.932;29.334;0.3140;30.72;839.68;636.48;2266.772;
139.828;152.40;0.5283;70.72;837.68;636.80;0041.772;139.832;36.828;0.0968;
70.0;372.139;676.36;5801.480;72.837;136.868;6.7910;30.0;672.131;824.36;
4510.780;0.816;51.672;139.4895;832.36;828.0;30.0;3311.772;5.40;2.60;
0.8257;665.184;828.0;30.0;2334.672;139.584;36.580;72.0133;839.200;932.207;
633.0;8980.40;72.839;132.336;128.9227;30.0;30.199;828.176;8839.56;0.50;
1.60;0.4399;30.72;839.68;336.48;1209.772;131.892;72.572;137.6250;468.36;
556.72;839.68;0679.736;48.372;131.892;88.9802;572.137;768.36;364.72;7904.839;
68.336;56.572;131.1996;820.8;60.116;492.72;0300.839;68.336;56.415;183.2757;
50.72;761.8;72.0;3604.50;115.576;72.839;68.5908;736.56;315.183;60.72;
5262.839;140.736;128.50;0.1215;30.72;829.193;828.2;4086.70;0.568;139.892;
72.1773;839.68;636.56;572.139;1421.680;8.932;93.733;0.5395;30.72;839.68;
436.56;1063.715;183.40;51.910;185.8102;62.0;70.0;572.247;7905.941;51.901;
72.839;148.5935;336.128;60.0;70.102;6311.837;140.666;128.32;0.8006;70.72;
839.68;436.64;6984.472;131.820;8.60;116.2949;492.72;839.68;636.64;0761.615;
183.60;72.461;8.1941;62.0;40.115;776.72;9264.839;68.736;64.315;183.1849;
70.72;839.140;436.128;0815.40;0.50;72.829;193.8845;836.4;40.0;768.139;
3828.892;72.839;68.436;64.9150;572.139;580.8;932.245;9717.432;0.30;72.839;
68.9074;636.64;715.183;40.51;3648.910;185.42;0.50;0.4359;672.247;941.51;
901.72;7073.839;148.536;128.50;0.3432;40.102;837.140;766.136;6452.54;0.70;
72.839;132.3834;636.128;70.0;40.72;3513.839;144.884;6.60;0.1471;772.139;
676.36;748.232;4814.900;0.50;0.772;139.1261;840.36;828.0;60.0;2291.837;
129.880;6.70;0.9565;884.1;60.0;40.72;0031.805;192.853;1.60;0.8525;
672.139;776.36;812.72;4992.43;65.48;72.839;140.1251;736.128;30.0;40.68;
9358.839;129.880;6.70;0.0563;572.139;908.72;839.76;8044.736;112.932;169.534;
0.2420;60.184;51.0;60.0;5635.772;105.892;184.61;0.8964;50.72;839.76;
736.112;2771.472;3.465;8.672;139.8239;840.36;828.0;50.0;2242.839;137.852;
6.50;0.1786;837.76;736.40;572.139;1276.840;36.828;0.60;0.4558;672.139;
837.144;36.0;7524.70;72.837;76.536;32.6197;472.139;840.36;828.0;3294.30;
0.376;139.837;168.4340;56.0;50.72;839.140;6676.636;128.40;0.30;76.0671;
839.129;860.6;30.0;6727.572;139.908;72.839;76.1408;436.112;932.67;634.0;
6120.40;72.839;76.736;72.2744;372.139;568.36;812.255;0651.480;96.884;1.60;
0.4398;40.72;831.196;804.195;6069.904;204.904;204.904;204.9894;904.204;904.204;
904.204;5935.472;137.384;36.616;72.1090;837.76;736.8;772.131;7932.936;56.772;
139.368;36.5428;372.72;837.68;436.32;4930.472;131.824;36.332;0.0507;816.8;
672.131;824.36;4175.764;0.817;7.451;192.8142;933.163;40.0;70.199;0128.74;
36.70;0.30;0.5269;935.8;839.4;536.255;8938.892;137.54;36.831;60.3214;
436.32;515.141;834.0;1539.60;0.572;99.34;36.5871;372.107;892.16;472.139;
6702.776;36.332;72.73;200.3532;772.139;893.72;837.68;6958.736;8.472;139.768;
36.1746;38.72;839.76;336.8;7558.372;57.68;117.52;235.7140;897.72;839.68;
736.8;0141.372;139.40;72.837;68.8144;336.16;935.13;772.139;4883.468;36.616;
72.839;0.4914;772.137;468.36;316.72;0458.839;68.536;8.572;57.7615;668.36;
416.116;348.72;4478.839;68.636;64.372;139.1292;376.36;716.72;343.200;5472.672;
139.893;72.837;68.1102;636.24;672.131;824.36;7594.624;112.814;17.472;129.2677;
824.36;324.0;42.0;0802.40;115.56;139.468;36.3273;724.235;79.235;883.233;
6939.804;255.955;255.651;192.4544;372.131;896.56;895.204;4136.904;204.904;204.904;
204.3517;904.204;772.137;676.36;6267.38;72.831;236.772;232.2146;894.244;955.255;
372.137;3277.668;36.748;72.839;68.1050;736.48;772.131;892.16;6644.472;137.768;
36.440;72.2548;839.68;736.40;472.139;1182.30;72.837;68.736;32.6943;935.13;
772.139;768.36;8526.732;72.839;0.672;137.3538;368.36;732.72;839.68;7127.336;
40.572;57.368;36.8827;532.116;325.72;839.68;8040.636;32.372;139.676;36.9066;
480.72;757.72;648.117;2686.57;72.839;68.436;32.5623;935.4;935.206;551.192;
3018.372;131.896;72.895;204.1061;904.204;904.204;904.204;8233.476;137.468;36.324;
137.0392;684.36;616.72;837.76;0018.436;8.372;131.936;88.2229;772.139;568.36;
696.72;5422.837;68.436;64.572;139.5634;768.36;364.15;883.0;1291.461;77.390;
0.60;116.3293;57.51;892.233;906.2;0753.30;0.672;139.468;36.8345;464.72;
599.64;360.72;1354.839;76.536;96.572;3.8130;900.72;839.193;572.137;8861.668;
36.524;72.839;68.9820;336.24;829.56;680.69;4216.30;0.816;7.651;192.2198;
933.161;62.0;40.72;6608.839;68.736;24.515;183.1767;564.4;661.100;834.0;
7728.60;116.47;51.892;233.6979;838.2;60.0;884.8;0733.60;0.60;72.807;
192.1180;43.72;839.76;336.24;2719.772;141.832;1.836;0.5560;70.0;572.137;
668.36;1961.648;72.839;68.436;48.6990;831.56;50.116;311.72;6193.839;68.636;
48.831;120.7550;74.0;817.7;751.192;3443.933;83.52;0.70;72.2447;839.68;
736.24;415.183;9280.764;20.472;139.576;36.8585;524.72;841.68;71.24;9144.572;
137.568;36.316;72.3313;839.68;736.24;315.183;5009.464;6.802;137.468;36.3120;
38.72;899.68;436.32;2037.50;0.50;0.751;192.2521;802.137;44.36;935.11;
8887.715;183.54;36.802;255.1476;892.102;837.4;336.15;2557.883;4.636;15.883;
76.9157;336.8;459.193;315.141;9241.48;1.60;0.715;183.0594;34.36;572.107;
892.40;4921.772;139.676;36.716;72.2144;73.200;372.139;893.185;7813.51;0.50;
0.372;107.4238;901.0;315.182;54.8;0012.831;248.446;15.833;218.4186;60.0;
30.15;883.4;4336.536;72.807;192.540;72.4116;839.76;636.16;672.3;6492.900;
72.839;193.885;1.6068;40.0;60.72;807.201;7079.51;15.882;4.38;131.5934;
948.116;515.133;877.0;3879.50;0.515;183.64;36.3720;772.107;892.40;572.139;
1934.676;36.716;72.53;200.2408;472.139;893.185;61.0;8092.30;0.472;107.901;
2.7718;415.182;64.8;831.248;8165.801;15.833;136.60;0.4600;60.15;883.4;
536.72;3713.807;192.340;72.839;76.8028;636.16;372.3;900.72;0544.839;193.885;
1.50;0.6563;50.72;807.201;63.15;1267.882;4.68;131.948;120.5442;817.99;
715.183;34.36;0284.472;107.892;40.372;139.6489;376.36;416.72;43.200;4968.472;
139.893;185.41;0.5302;40.0;772.107;901.4;5216.415;182.74;8.831;248.1767;
816.117;762.15;883.4;4953.336;72.807;192.640;72.5487;839.76;736.16;772.3;
6196.900;72.839;193.885;1.6252;60.0;70.72;807.201;2323.65;15.882;4.48;
133.3956;892.117;426.15;883.4;7383.436;72.807;192.440;72.2501;839.76;636.16;
672.3;8998.900;72.839;193.772;137.6437;368.36;332.235;75.233;5837.920;254.955;
255.772;131.7428;824.36;332.0;817.7;6955.751;192.933;233.40;0.9000;40.72;
839.68;436.48;4983.839;0.372;139.776;36.9315;596.72;63.200;472.139;1862.893;
72.837;68.536;40.3406;372.139;368.36;448.139;7029.564;4.751;210.885;12.6888;
60.0;60.72;947.241;7797.837;68.536;56.899;68.3132;736.4;40.0;30.0;
5918.935;10.839;68.336;4.9005;955.192;837.68;536.4;8328.839;68.436;56.557;
68.8827;336.4;515.131;852.0;1305.70;0.839;68.736;4.0081;672.107;892.12;
839.76;1741.336;4.572;107.901;12.5819;772.139;384.36;740.76;0734.839;68.736;
40.365;139.8328;312.8;839.68;42.4;7089.443;193.837;68.636;60.4597;839.68;
336.104;357.68;1388.436;60.815;2.935;180.0008;839.68;536.4;772.107;4373.892;
12.772;139.576;36.0676;740.72;839.84;636.32;9133.839;82.412;57.620;1.6139;
814.34;839.68;336.4;6095.572;107.892;12.672;139.7747;576.36;532.139;573.12;
6625.472;139.484;36.732;3.4148;374.8;672.139;784.36;5907.440;57.712;2.814;
5.3350;933.115;955.255;955.139;1394.768;36.54;72.807;192.3577;312.72;839.76;
436.112;7919.572;139.784;36.540;139.2228;64.2;837.1;884.1;1633.30;0.50;
235.57;233.2536;480.255;955.255;751.192;9946.672;131.896;88.895;204.4480;904.204;
904.204;904.204;0918.904;204.904;204.776;137.9864;676.36;732.76;837.68;0739.636;
24.772;137.484;36.4424;316.72;837.76;536.8;2951.572;131.936;104.472;139.5584;
832.36;836.0;30.0;9529.572;137.768;36.456;72.9090;831.124;636.56;60.117;
7353.341;184.41;0.50;0.4121;372.105;892.68;44.0;0529.30;72.839;76.736;
112.0206;372.3;365.8;472.139;3713.908;72.839;76.336;112.2268;932.113;529.0;
30.51;0388.892;233.30;1.40;0.6833;772.139;468.36;820.72;8218.75;200.40;
0.60;72.2042;837.68;336.48;372.139;1881.568;36.548;72.899;0.7837;60.0;
60.0;572.139;4379.668;36.348;72.899;64.6724;48.0;30.0;70.72;8817.839;
68.436;48.672;199.2632;464.16;50.0;70.0;5181.672;199.668;36.464;0.2145;
70.0;30.198;768.36;1929.632;0.772;139.768;36.4855;656.72;839.0;772.137;
5802.668;36.340;72.831;124.4289;636.40;30.116;596.72;7271.839;68.636;40.372;
137.8747;568.36;464.72;839.68;5335.436;40.572;45.900;0.8750;60.0;672.137;
468.36;2250.472;72.839;68.336;72.9064;572.139;764.48;772.137;4048.368;36.680;
72.839;68.9305;336.80;672.57;832.36;7600.828;0.30;0.815;20.6951;572.139;
768.36;340.72;8721.839;0.572;137.668;36.3379;440.198;368.36;732.0;6839.935;
19.772;139.668;36.6271;340.72;839.64;48.72;0376.837;68.636;40.898;68.3992;
436.32;51.235;852.76;0049.839;76.436;48.468;15.9220;882.68;636.32;572.139;
2386.584;36.464;72.839;76.5019;536.56;672.139;368.36;6967.812;255.844;208.60;
0.1570;30.184;71.0;50.0;9160.572;105.892;136.44;0.5323;40.72;839.76;
436.112;6845.572;3.365;8.572;139.8406;908.72;839.76;636.112;5880.932;111.628;
0.40;184.0153;71.0;40.0;572.131;4329.896;104.895;204.904;204.2311;904.204;
768.137;676.36;0117.532;76.837;68.536;24.5355;372.137;384.36;316.72;7357.837;
76.436;8.672;131.9800;936.120;472.139;832.36;8753.860;0.30;0.672;137.5687;
668.36;764.72;831.124;1122.536;64.70;117.347;184.2894;61.0;60.0;572.105;
1712.892;118.73;0.60;72.7798;839.140;536.128;40.0;1787.60;72.43;65.78;
72.8361;839.208;472.139;840.36;9900.828;0.60;0.932;11.5473;528.0;40.51;
892.233;2112.826;1.70;0.831;188.3824;536.152;60.0;40.0;5398.817;47.884;
1.40;0.3223;30.72;805.192;866.3;0549.70;0.672;139.840;36.7655;828.0;
30.0;672.3;2764.565;8.772;139.908;72.6374;839.140;436.128;30.0;1313.30;
232.910;27.40;0.9396;651.192;933.69;71.0;1750.70;51.892;102.837;68.6472;
536.48;615.183;768.36;2055.448;72.839;140.336;144.6130;50.0;70.15;883.4;
5553.365;133.892;116.315;15.9399;883.68;336.48;802.255;2039.892;102.837;68.636;
48.8294;935.220;572.139;832.36;5890.844;0.40;0.672;137.6463;768.36;696.15;
883.68;9709.436;48.572;209.924;102.6653;837.68;436.88;715.183;6501.668;36.488;
72.831;192.4478;32.102;837.68;436.90;4685.899;68.636;52.30;0.7402;70.0;
576.141;676.36;2069.552;69.751;192.878;1.7964;572.141;776.36;388.72;5890.839;
132.736;128.40;0.8758;50.255;844.200;30.0;8194.60;137.668;36.356;131.9433;
824.36;356.0;816.52;8600.884;1.70;0.30;72.7437;805.192;912.3;70.0;
3295.672;139.840;36.828;0.5892;30.0;372.3;565.8;0720.368;139.468;36.456;
72.0275;839.208;372.139;840.36;1965.828;0.60;0.932;27.8383;427.0;70.51;
892.233;0800.842;0.70;0.839;68.8846;736.52;831.224;731.137;9519.368;36.760;
72.799;68.8752;636.60;672.107;892.16;2507.772;139.576;36.664;72.4737;33.200;
572.139;893.72;2757.837;68.636;80.839;132.8637;636.152;40.0;60.72;2561.839;
140.536;136.60;0.5864;30.72;53.200;572.139;2596.893;72.837;68.636;72.8991;
772.139;484.36;472.72;3013.839;76.636;80.932;183.3311;53.0;60.184;51.0;
6845.30;0.572;105.892;11.3025;44.0;50.72;839.140;9099.336;128.70;0.40;
72.1327;43.65;48.72;839.76;3041.436;72.672;137.576;36.2937;732.68;839.76;
636.52;9445.668;139.368;36.360;72.3450;839.208;572.139;840.36;0382.828;0.50;
0.932;139.7238;426.0;70.184;41.0;9007.70;0.472;131.896;120.5544;895.204;
676.137;776.36;9458.532;68.837;68.436;24.9803;772.137;584.36;716.72;0174.837;
76.536;8.486;87.9042;472.129;936.184;30.0;4670.70;72.839;132.336;232.5270;
50.0;30.72;837.68;9688.536;48.672;131.824;36.0814;448.0;817.47;884.1;
3350.70;0.70;72.805;192.3047;938.4;60.0;772.139;1020.840;36.908;0.70;
0.4011;372.3;565.8;772.139;8179.908;72.839;140.736;208.2603;40.0;50.232;
538.26;7150.40;0.751;192.933;3.9051;43.0;40.72;839.132;8135.336;216.50;
0.30;72.2538;837.68;636.104;372.139;4451.568;36.804;72.799;64.2301;460.72;
839.140;536.216;2196.30;0.70;72.73;200.9704;572.139;893.72;837.68;4642.336;
112.884;8.30;0.9136;50.72;807.192;33.72;7984.839;76.436;112.772;139.3294;
832.1;836.0;70.0;8060.572;137.768;36.380;131.2496;824.36;580.0;816.7;
2185.831;124.636;84.40;117.6125;647.184;31.0;70.0;7664.372;105.892;54.75;
0.3291;70.72;839.140;436.208;7077.70;0.40;72.73;65.5525;58.72;839.208;
472.139;8642.840;36.908;0.40;0.0626;932.165;425.0;70.51;9966.892;233.830;
2.50;0.3420;839.68;536.80;772.139;7142.840;36.916;0.60;0.5349;472.3;
900.72;839.193;9442.472;137.768;36.396;139.8259;368.36;384.137;768.36;9622.572;
72.839;68.736;48.8290;472.139;576.36;448.139;3935.373;4.457;8.814;64.6828;
884.1;60.0;40.72;0137.805;192.810;5.40;0.3708;372.139;840.36;908.0;
3455.30;0.572;3.665;8.2820;672.139;576.36;448.68;6320.839;73.74;72.839;
76.6104;436.48;468.139;71.72;8427.839;208.372;139.840;36.0828;908.0;30.0;
932.53;6627.525;0.30;51.892;233.8103;418.2;50.0;472.139;0899.468;36.648;
139.50;137.2380;368.36;656.199;468.36;1640.460;0.70;0.60;235.9132;510.139;
568.36;660.255;4572.892;137.368;36.660;72.3452;839.68;636.48;839.0;1000.457;
68.336;60.815;40.6197;839.68;636.60;672.107;1822.892;24.672;139.476;36.0291;
348.72;839.68;51.24;8475.372;57.832;36.916;0.4164;60.0;815.10;839.68;
1664.336;60.837;68.536;56.0030;935.2;935.193;372.139;0070.768;36.748;139.764;
4.7051;472.107;892.24;572.131;5835.892;16.837;68.636;68.7508;372.141;832.36;
828.0;2621.40;0.572;139.948;51.2573;892.185;648.0;40.0;9234.943;170.365;
184.748;0.8860;70.0;472.141;848.36;7958.828;0.60;0.472;139.9637;376.36;
548.72;839.132;7583.636;208.60;0.60;255.1386;844.192;70.0;30.139;2843.832;
36.864;0.60;0.2138;837.68;536.88;899.68;6210.736;32.54;0.50;0.3249;
368.139;776.36;368.76;9587.839;68.536;48.551;210.7723;372.139;840.36;908.0;
5589.60;0.932;181.71;0.1743;40.72;839.68;436.48;9845.839;0.457;68.636;
56.3866;815.92;372.139;368.36;7742.448;139.50;137.368;36.1204;664.235;610.139;
668.36;6448.564;255.900;137.368;36.5210;764.139;468.36;356.57;8936.468;36.764;
118.459;139.3891;568.36;364.255;900.139;9687.892;72.807;192.324;139.5691;376.36;
464.72;807.201;0412.724;72.839;84.536;48.7749;772.139;824.36;748.72;4076.837;
124.536;120.672;141.1334;824.10;416.72;839.76;0815.736;120.372;141.816;1.2321;
716.185;624.0;30.0;8738.943;164.935;177.839;68.7386;436.56;672.107;892.24;
0741.572;139.676;36.648;72.1743;839.84;636.96;572.137;6272.784;1.716;139.468;
36.7423;456.72;807.192;424.72;5242.839;76.336;48.472;139.8214;848.36;916.0;
30.0;0996.472;137.384;1.524;139.7984;468.36;756.72;807.192;9845.524;72.839;
76.636;48.6877;839.148;736.224;60.0;1803.50;137.784;1.532;139.3987;468.36;
356.72;807.192;3474.724;72.839;76.336;48.8962;839.84;336.72;837.84;5692.61;
36.372;139.668;36.4269;348.139;50.255;892.72;7646.839;76.636;48.837;1.2760;
672.139;468.36;648.139;5267.464;8.955;192.672;139.9609;776.36;448.137;465.8;
4766.839;68.336;88.837;68.1279;636.32;468.139;476.36;3381.468;76.839;68.736;
48.4941;651.210;772.139;840.36;9954.908;0.40;0.932;171.1895;30.0;70.184;
71.0;8834.50;0.572;105.892;173.3414;65.0;40.72;839.140;3112.636;208.40;
0.60;72.6756;53.65;58.139;776.36;9946.672;137.376;36.432;76.1148;839.76;
736.96;768.139;3941.468;36.756;72.839;208.0798;672.139;840.36;908.0;8914.30;
0.932;33.523;0.4958;50.184;61.0;40.0;1472.672;129.896;184.30;0.5378;
50.95;394.195;904.204;1756.572;137.584;36.416;72.5846;837.76;336.8;472.131;
4574.936;24.372;139.468;36.8618;632.72;839.64;78.72;4453.837;4.436;72.839;
68.3388;736.40;672.139;476.36;2433.532;72.837;8.772;139.5011;768.36;640.72;
839.12;3505.736;72.837;72.78;72.9727;839.4;336.72;839.76;9657.736;40.672;
137.68;72.2334;839.68;536.32;672.139;9738.776;36.340;72.837;72.3803;58.72;
831.196;524.195;7357.904;204.904;204.904;204.8207;904.204;904.204;904.204;6764.668;
137.676;36.332;76.3325;837.68;636.24;672.137;1662.584;36.616;72.837;76.6223;
536.8;772.131;936.56;1710.899;68.636;32.70;0.1372;40.0;899.68;536.36;
4817.60;0.70;0.839;68.9966;536.88;757.68;736.32;5736.815;53.839;68.336;
32.4965;772.139;676.36;680.72;7746.43;200.472;139.893;68.2336;839.76;536.96;
776.139;3754.892;72.839;84.636;72.9372;772.139;476.36;664.232;5576.588;16.60;
0.839;68.5877;536.32;65.0;416.0;9871.60;137.668;36.632;235.4049;893.72;
831.196;656.195;6068.904;204.904;204.472;137.8544;476.36;48.87;772.129;8850.936;
112.77;0.30;184.8956;31.0;50.0;772.105;5607.892;235.41;0.50;72.4646;
839.140;536.128;77.0;6604.70;72.43;65.58;72.3034;839.208;672.139;840.36;
9839.828;7.40;0.932;11.8648;522.0;70.72;839.140;6813.736;128.67;0.40;
232.9771;842.17;30.0;472.139;0330.840;36.828;7.40;0.8851;932.1;319.0;
70.72;6494.837;68.636;112.572;139.9691;784.36;812.72;839.140;8299.636;128.57;
0.50;232.0824;806.10;30.0;772.139;7667.832;36.828;7.70;0.8595;472.139;
564.16;839.0;9078.837;68.336;64.884;1.9294;50.0;30.72;807.192;0688.44;
72.839;140.636;128.1522;57.0;30.72;43.65;9020.616;72.837;132.636;152.8614;
40.0;40.184;31.0;4120.40;0.572;105.892;4.3661;52.0;70.72;839.140;
2270.336;128.47;0.50;72.5159;73.65;68.72;837.132;7188.736;144.40;0.70;
72.3989;839.132;636.144;50.0;2314.70;72.837;68.336;80.0590;899.68;336.88;
40.0;4410.50;0.899;68.436;92.1725;40.0;30.0;572.141;9112.832;36.860;
0.40;0.9520;672.139;948.51;892.185;4004.908;6.30;0.943;170.4954;772.139;
768.36;680.15;7068.890;0.833;192.415;132.1527;954.3;30.0;831.124;9711.636;
92.40;15.833;243.3228;53.0;70.72;839.68;6541.336;80.372;137.768;36.4933;
372.72;839.68;636.72;9431.715;190.70;133.892;116.4317;328.72;839.68;536.72;
7454.315;190.30;131.948;124.8211;816.15;472.139;468.36;0044.772;72.955;192.772;
137.6836;468.36;372.235;916.72;2018.839;68.636;72.415;190.4120;60.131;948.124;
817.21;0678.472;139.668;36.672;198.2403;70.0;472.139;768.36;0398.472;72.955;
192.572;137.6337;568.36;472.65;884.208;1590.46;0.50;51.910;72.8915;841.140;
736.160;60.0;1641.60;232.438;19.40;0.0781;576.141;832.36;860.0;3519.40;
0.372;139.484;36.7645;580.72;839.140;636.128;7611.47;0.60;232.872;239.0102;
955.255;672.199;468.36;3736.548;0.60;0.50;199.8002;468.36;640.128;30.0;
5217.50;199.368;36.332;3.1598;40.0;40.69;651.201;6521.465;184.31;0.40;
0.9990;886.0;50.0;828.72;6451.839;76.336;80.372;139.0276;832.36;828.7;
60.0;9265.955;80.772;72.837;132.2825;636.128;60.0;50.72;0723.831;188.336;
128.40;0.3770;50.255;817.15;472.139;1533.768;36.572;72.837;68.6294;336.80;
933.9;955.255;0737.955;72.899;68.436;40.9965;70.0;30.0;899.68;8233.336;
32.50;0.70;0.3648;569.51;901.65;884.2;2808.30;0.31;51.910;72.5095;
839.140;336.128;60.0;9657.70;72.839;132.636;128.2637;67.0;60.255;680.120;
0163.672;137.832;36.836;0.5153;50.0;372.131;888.36;5837.836;0.70;0.60;
117.2208;434.72;839.140;536.128;3467.60;0.70;72.839;132.5318;336.128;47.0;
40.255;7343.580;80.572;139.568;36.1311;372.72;837.68;436.80;0106.933;165.954;
255.955;72.0400;839.132;436.48;67.0;7314.70;72.837;68.436;120.1794;376.139;
840.36;836.0;3988.50;0.476;139.768;36.9034;820.72;839.84;436.112;2319.472;
139.840;36.828;7.6647;40.0;932.163;710.0;1795.50;184.41;0.50;0.3229;
672.105;892.69;72.0;7823.50;72.839;140.736;128.1321;57.0;40.72;43.65;
0471.68;76.839;68.436;80.4120;772.139;908.72;839.140;2354.536;128.67;0.50;
232.2185;866.19;30.0;776.141;6749.468;36.488;139.484;36.3009;664.72;839.76;
636.120;7927.932;195.942;255.955;133.7164;892.15;832.207;71.0;5608.40;184.61;
0.40;0.5393;772.105;892.98;42.0;4223.40;72.839;140.536;128.3443;47.0;
40.72;53.65;2958.48;68.839;76.536;88.2860;576.139;368.36;780.72;8899.839;
208.372;139.840;36.9507;828.7;50.0;932.89;8752.519;0.70;199.368;36.7750;
392.1;50.0;30.139;2289.368;36.388;72.839;76.1871;736.120;772.3;900.72;
4987.839;193.472;137.368;36.1447;596.184;41.0;30.0;5296.772;105.892;137.42;
0.2271;60.72;839.140;436.128;0101.77;0.40;72.43;65.4829;68.76;839.76;
636.96;8721.368;139.368;36.464;72.4043;839.208;572.139;840.36;7523.828;7.40;
0.932;11.6293;619.0;30.139;468.36;6676.464;72.839;76.736;96.7834;672.129;
925.255;615.0;0999.70;72.53;193.837;68.0854;736.104;899.68;436.32;7440.44;
0.30;0.568;139.3038;776.36;804.76;839.68;0939.436;96.472;139.484;36.6059;
812.72;839.140;336.128;4198.47;0.30;232.732;252.6016;955.255;884.1;30.0;
2544.40;72.805;192.860;2.8869;30.0;472.139;840.36;6490.828;7.40;0.572;
3.2928;665.8;472.139;908.72;1239.839;140.336;128.47;0.1521;30.232;868.18;
70.0;4373.839;68.536;64.368;139.9753;892.72;839.148;536.152;4482.30;0.60;
72.839;76.3881;336.96;932.95;616.0;1008.30;184.71;0.70;0.5993;572.105;
892.175;72.0;8942.70;72.839;140.636;128.6692;67.0;60.72;33.65;0552.38;
72.839;208.372;139.4997;840.36;828.7;70.0;3634.932;103.518;0.70;199.4244;
468.36;332.32;70.0;6414.30;68.839;76.536;104.6653;376.139;568.36;796.72;
8356.839;84.336;112.372;139.7186;840.36;828.7;40.0;8127.932;147.951;255.955;
184.9866;71.0;70.0;672.105;3512.892;187.32;0.60;72.4297;839.140;636.128;
57.0;9812.40;72.43;65.58;72.2283;839.208;772.139;840.36;6902.828;7.60;
0.932;27.0393;418.0;40.76;839.68;4643.336;120.572;141.848;36.5014;860.0;
60.0;372.139;5672.840;36.828;7.70;0.2915;932.65;42.0;40.68;4767.839;
76.736;64.776;139.8535;368.36;596.72;839.84;7514.336;112.372;139.840;36.2530;
828.7;50.0;932.21;9034.610;0.30;184.71;0.3299;50.0;372.105;892.216;
7862.72;0.50;72.839;140.0515;336.128;77.0;70.72;5241.33;65.58;72.839;
208.3480;572.139;840.36;828.7;0644.40;0.932;189.717;0.1070;40.144;884.1;
30.0;2301.30;72.805;192.929;2.4291;40.0;572.139;840.36;6377.828;7.30;
0.372;3.0949;765.8;672.139;908.72;7218.839;140.736;128.57;0.9974;60.232;
848.17;50.0;9041.472;139.676;36.820;72.0149;839.132;436.128;67.0;8790.60;
255.844;144.60;0.8187;40.72;839.140;436.136;4843.40;0.50;72.839;132.6984;
436.128;47.0;60.255;1903.680;80.572;139.840;36.4595;828.0;30.0;672.139;
8545.832;36.828;7.70;0.1635;955.80;580.72;839.68;5679.636;72.672;137.668;
36.2478;580.233;942.251;955.255;8784.831;124.536;92.40;117.6606;741.184;71.0;
70.0;4905.372;105.892;255.32;0.6312;60.72;839.140;336.128;0968.77;0.60;
72.53;65.9294;68.72;839.208;472.139;1133.840;36.828;7.30;0.0396;932.29;
317.0;50.144;7831.472;129.896;112.57;0.7936;60.95;895.204;904.204;7709.472;
137.384;36.616;72.1207;837.76;636.8;472.131;6729.936;88.372;139.668;36.9262;
804.72;837.68;636.56;0588.372;139.368;36.756;15.6376;883.0;461.77;490.0;
5217.30;116.67;51.892;233.8827;514.1;30.0;572.139;3750.368;36.556;72.599;
64.9094;460.72;839.76;336.104;3576.772;3.900;72.839;193.6607;572.137;468.36;
348.72;6916.839;68.336;48.829;56.6875;380.69;50.0;816.7;0613.451;192.933;
225.40;0.7573;40.72;839.68;736.48;6255.315;183.764;4.761;100.6357;834.0;
30.116;67.51;0809.892;233.902;0.70;0.3461;884.8;70.0;50.72;1862.807;
192.63;72.839;76.4100;436.48;772.139;832.1;5381.836;0.30;0.572;137.8454;
568.36;540.131;824.36;3482.440;0.816;7.831;124.4252;336.44;30.117;37.51;
6767.892;233.854;0.30;0.6214;839.68;336.40;572.139;2531.376;36.804;72.53;
200.3851;672.139;893.72;837.68;2164.536;64.839;68.536;44.1287;751.210;885.12;
70.0;8122.40;72.947;241.837;68.8573;736.32;884.1;60.0;2520.70;72.805;
192.439;3.1219;50.0;572.139;376.36;3070.596;72.73;65.78;76.5296;839.76;
336.64;668.139;5980.668;36.432;72.839;208.8491;572.139;776.36;496.232;9548.528;
16.50;0.776;139.0616;368.36;804.139;584.36;4162.332;72.839;76.736;64.4428;
772.139;668.36;596.255;8560.844;152.30;0.60;133.0244;892.117;74.51;892.235;
0644.539;184.31;0.70;0.0466;372.105;892.95;43.0;2559.60;72.839;76.636;
96.4943;672.3;665.8;472.139;1095.908;72.839;76.436;96.4039;932.217;515.0;
70.184;5321.71;0.30;0.372;131.0240;896.88;895.204;904.204;2497.904;204.904;
204.904;204.2729;904.204;904.204;904.204;0816.376;137.468;36.524;72.5291;837.84;
536.16;372.137;9283.376;36.58;72.829;236.4484;884.0;30.0;565.185;0049.54;
0.40;0.465;184.0203;40.48;60.0;886.0;1785.316;0.50;51.901;72.4552;
839.132;536.192;60.0;4580.40;255.380;48.772;137.6967;668.36;372.72;831.124;
6080.336;72.70;117.447;184.1591;71.0;60.0;372.105;5684.892;245.45;0.40;
72.3851;839.140;336.192;70.0;3419.70;72.63;65.58;72.8705;839.208;372.139;
840.36;3666.892;0.40;0.932;87.5407;615.0;40.51;892.233;7066.914;3.50;
0.472;139.9106;368.36;672.72;837.68;8433.536;56.772;139.832;36.1695;900.0;
30.0;831.184;4231.876;6.30;0.60;116.9283;618.72;839.68;436.72;5248.472;
5.50;2.70;0.7578;572.137;368.36;820.235;7658.59;72.899;68.436;120.4105;
60.0;40.0;372.139;1797.368;36.820;72.837;68.3102;436.64;672.139;668.36;
8443.572;72.35;128.32;0.9450;50.72;837.132;536.128;5469.60;0.30;72.839;
68.8374;336.72;672.5;828.4;1434.70;0.572;137.832;36.1979;836.0;70.0;
572.139;2834.832;36.900;0.40;0.2945;565.184;70.2;40.0;0137.672;139.908;
72.839;76.5937;736.56;932.159;612.0;3391.40;72.831;124.436;64.8171;50.116;
634.72;839.132;1755.336;200.70;0.70;72.2313;55.0;72.0;30.65;8143.884;
128.50;0.40;72.6265;839.208;572.139;576.36;1674.664;232.818;12.70;0.0286;
844.72;839.68;336.56;5004.472;139.840;36.908;0.5822;30.0;472.137;672.48;
9176.672;139.468;36.656;72.6642;839.76;636.64;372.137;9745.836;152.50;0.50;
51.9623;892.102;837.68;736.48;6781.415;183.568;36.348;72.3369;839.140;536.200;
70.0;4035.70;15.883;132.465;128.2012;32.0;60.133;892.116;6706.715;15.883;
68.436;48.6899;802.255;892.102;837.68;0992.536;48.935;216.651;192.0066;802.137;
468.36;552.15;7009.883;68.736;52.672;139.0982;840.36;900.0;30.0;5139.315;
183.832;65.836;4.5288;30.0;833.192;816.15;3533.315;183.368;36.752;102.0255;
955.192;802.137;468.36;5543.652;235.916;15.883;68.8594;336.48;955.192;572.152;
5214.672;209.924;72.839;140.2870;536.200;50.0;70.72;7188.829;193.828;2.40;
0.2933;376.139;892.72;839.209;2478.772;139.840;36.828;0.6956;60.0;932.199;
611.0;6761.30;15.883;68.636;52.4946;955.192;672.152;772.209;9323.924;72.839;
140.436;200.7316;60.0;60.72;829.193;1132.836;4.70;0.776;139.5314;892.72;
839.209;672.139;2009.840;36.836;0.50;0.5629;932.153;411.0;50.72;1828.839;
68.636;56.572;131.8082;892.72;372.137;368.36;8607.496;72.839;68.436;56.6359;
772.131;892.88;672.137;0183.768;36.804;72.839;68.7988;636.96;672.139;840.36;
6932.828;0.40;0.672;137.0419;572.8;615.183;768.36;9635.748;72.909;224.672;
139.4805;676.36;696.102;837.1;3777.715;183.368;36.748;255.2352;892.72;852.72;
909.224;7506.472;139.476;36.796;102.3953;837.65;72.72;839.68;2271.436;104.372;
139.840;36.5181;836.0;30.0;472.137;7192.572;8.315;183.468;36.0449;552.72;
909.224;572.139;8882.776;36.804;102.837;1.4411;515.183;768.36;552.255;9992.892;
72.852;72.909;224.3838;572.139;776.36;804.102;1979.837;65.32;72.831;124.8845;
636.64;50.116;580.72;1151.839;68.636;64.672;137.9839;668.36;788.72;839.68;
1589.636;56.672;5.860;0.5803;40.0;472.137;468.36;9328.380;72.839;68.636;
88.4653;572.139;776.36;380.72;7688.837;8.472;139.568;36.2281;688.72;839.76;
636.80;9953.672;137.772;8.572;139.0207;368.36;580.72;839.76;9886.436;88.772;
137.58;72.2018;839.68;336.80;572.139;7468.476;36.488;72.837;72.4607;78.232;
816.224;955.255;6091.372;137.668;36.812;72.8699;839.68;736.112;372.131;6536.892;
16.772;137.832;36.9170;844.0;70.0;772.139;9023.768;36.812;72.831;192.0718;
532.72;837.132;336.152;7525.30;0.50;72.839;68.6060;336.112;372.131;892.48;
4913.672;137.832;36.860;0.7522;30.0;372.139;784.36;6586.656;72.839;140.536;
144.9158;40.0;40.232;838.245;4100.955;255.572;139.368;36.4288;656.72;831.192;
316.72;9373.839;208.372;139.840;36.5938;852.0;50.0;932.113;1076.945;255.955;
72.839;68.6525;636.56;472.131;892.32;3550.472;139.908;72.839;140.0386;636.160;
60.0;40.232;2273.388;245.955;255.884;1.7365;40.0;60.72;805.192;5985.518;
6.70;0.672;139.9373;840.36;892.0;70.0;3418.472;3.665;8.676;139.4805;
776.36;764.76;839.68;7706.636;56.472;139.908;72.5044;839.140;336.192;60.0;
0265.60;232.654;12.40;0.8477;372.139;832.36;900.0;3888.50;0.772;5.836;
4.1888;60.0;672.139;840.36;1073.900;0.30;0.372;139.5540;837.184;76.0;
50.72;5035.837;76.336;32.472;139.0023;840.36;900.0;50.0;9845.668;139.837;
180.36;0.5512;30.76;839.192;472.139;9533.584;36.356;72.839;140.0197;636.192;
40.0;70.232;2151.844;239.955;255.672;139.6000;832.36;900.0;30.0;6717.676;
139.836;192.56;0.9664;40.76;839.132;736.208;6090.70;0.50;72.839;84.1728;
436.56;372.139;840.36;2756.892;0.70;0.932;7.6242;938.255;955.72;839.132;
8256.536;200.30;0.60;76.3049;839.136;900.6;30.0;9933.372;139.832;36.900;
0.9981;40.0;468.139;828.152;7372.36;0.50;72.839;148.7186;536.208;70.0;
50.72;2756.839;140.436;192.50;0.3138;40.232;520.241;955.255;3423.772;139.848;
36.908;0.9432;70.0;772.139;840.36;9187.892;0.30;0.932;111.2800;950.255;
955.184;61.0;6698.50;0.672;129.896;184.8111;70.0;60.195;904.204;8426.672;
137.684;36.516;72.2956;837.76;336.8;472.131;0330.936;104.365;184.60;16.1743;
40.0;751.210;772.139;8839.576;36.820;232.860;9.3706;50.0;372.184;800.105;
6792.815;111.814;100.801;114.6194;472.137;768.36;756.65;2193.884;8.30;0.50;
72.4075;841.84;336.56;772.139;6535.576;36.820;232.952;8.0189;60.0;884.1;
70.0;7009.40;72.807;192.316;72.0540;839.76;536.120;472.3;0860.900;72.839;
193.472;137.5692;568.36;632.72;899.68;9304.636;48.60;0.40;0.5728;884.1;
30.0;30.72;5366.805;192.903;6.30;0.8740;372.139;576.36;812.72;1956.63;
65.48;76.839;192.6058;572.141;484.36;748.72;6736.839;76.336;112.932;163.0373;
922.255;955.72;899.68;0587.636;40.60;0.70;0.4994;884.1;50.0;70.72;
2169.805;192.913;6.40;0.8123;672.139;576.36;812.72;3137.43;65.38;76.839;
192.6840;772.141;384.36;640.72;1183.839;76.536;112.932;115.1002;922.255;955.184;
71.0;8104.70;0.372;105.892;224.8519;36.0;60.72;839.76;3677.336;112.572;
3.465;8.2102;772.139;908.72;839.76;1060.736;40.572;139.468;36.3847;812.255;
680.40;472.137;3522.568;36.764;51.901;255.0457;684.36;364.72;837.68;3666.736;
72.884;1.40;0.1438;60.72;805.192;930.6;9380.70;0.472;139.376;36.5145;
812.72;73.65;38.72;1864.839;208.772;139.776;36.0935;440.72;839.68;536.112;
1809.955;80.440;185.664;0.6915;60.0;372.107;901.0;1115.472;139.784;36.732;
72.9572;837.4;510.184;364.0;6899.40;0.572;107.892;0.4072;772.139;676.36;
332.72;4618.899;68.31;8.73;0.2257;40.0;884.64;60.0;1483.40;72.807;
192.40;72.1668;839.76;536.32;572.3;8732.900;72.839;193.885;8.1035;50.0;
40.72;807.201;1847.41;72.841;21.344;10.1555;40.0;572.137;584.8;8344.416;
184.61;0.50;0.1288;372.105;892.248;66.0;7879.70;72.839;76.336;112.7975;
772.3;465.8;672.139;4682.908;72.839;76.436;48.3176;372.139;768.36;812.255;
0102.580;40.885;64.30;0.6509;70.72;807.201;51.72;7970.839;84.436;32.472;
137.7708;54.10;884.64;50.0;3833.70;72.807;192.41;72.2242;839.76;636.32;
772.199;4616.568;1.78;4.60;0.3575;50.184;564.0;40.0;6763.472;107.892;
1.672;139.7782;776.36;732.72;73.200;2550.672;139.893;185.58;0.9746;30.0;
672.107;901.0;9615.772;139.684;36.772;72.9891;837.84;48.16;772.199;2183.468;
36.680;2.40;0.9079;70.184;564.0;40.0;7704.472;107.892;1.772;139.0383;
376.36;532.72;63.200;5624.472;139.893;185.58;0.4448;70.0;572.107;901.1;
3540.372;139.384;36.580;72.3135;837.84;38.16;884.64;7213.70;0.40;72.807;
192.8862;41.72;839.76;636.32;1766.372;3.900;72.839;193.7005;885.8;50.0;
50.72;3178.807;201.42;72.841;21.5142;594.9;60.0;672.137;5202.384;8.616;
72.831;196.3088;804.195;904.204;904.204;5462.776;137.376;36.432;76.0209;837.68;
636.24;672.137;7584.784;36.316;72.837;76.4152;636.8;472.131;936.72;9602.884;
1.60;0.50;72.3477;807.192;58.72;839.76;4610.536;88.572;3.900;72.5106;
839.193;565.184;58.0;7968.50;0.551;210.772;139.3778;900.232;468.7;50.0;
6268.884;1.30;0.30;72.5487;807.192;516.72;839.76;2916.336;88.372;3.900;
72.3625;839.193;672.137;468.36;5116.532;184.764;0.70;0.3760;772.107;892.2;
772.139;4532.376;36.732;72.839;84.5365;736.80;372.139;782.112;6896.772;137.620;
1.884;64.9620;50.0;40.72;807.192;2802.42;72.839;76.736;32.3344;372.199;
768.1;58.6;7639.40;0.40;184.564;0.8476;60.0;572.107;892.2;3602.572;
139.676;36.432;72.6457;43.200;472.139;893.185;1317.68;0.50;0.672;107.5444;
901.0;772.139;684.36;9780.804;72.837;84.38;16.8694;472.199;368.36;748.4;
5444.50;0.30;184.464;0.8497;40.0;472.107;892.2;0511.372;139.776;36.732;
72.7844;33.200;772.139;893.185;1740.48;0.40;0.572;107.5516;901.1;572.139;
384.36;0749.648;72.837;84.78;16.6103;884.64;50.0;50.72;2289.807;192.32;
72.839;76.6540;336.32;472.3;900.72;8939.839;193.885;8.70;0.6116;30.72;
807.201;55.72;6162.839;84.436;96.672;137.1015;584.8;516.69;651.192;0179.672;
139.684;36.532;72.1879;841.13;760.8;40.0;4826.772;139.668;36.680;255.8921;
844.160;70.0;60.72;8776.837;68.436;40.572;139.7754;676.36;540.72;839.68;
3641.336;80.955;144.868;0.9018;50.0;751.210;472.139;6531.676;36.440;72.839;
68.5981;636.80;955.144;876.0;3240.40;0.672;139.676;36.6550;740.72;839.68;
336.80;6524.955;144.884;0.30;0.4149;844.72;831.196;572.195;4776.904;204.904;
204.768;137.8181;676.36;732.76;837.68;1482.736;24.472;137.784;36.8043;516.72;
837.76;436.8;5351.472;131.936;56.884;1.5514;70.0;40.72;807.192;3828.48;
72.839;76.736;72.5536;572.3;900.72;839.193;7903.365;184.48;0.30;0.3910;
651.210;472.139;900.232;6151.928;5.70;0.884;1.9494;50.0;70.72;807.192;
2611.616;72.839;76.336;72.9082;772.3;900.72;839.193;5667.372;137.468;36.632;
184.7467;564.0;50.0;572.107;4922.892;2.472;139.776;36.2119;332.72;839.84;
536.80;1900.772;137.320;1.884;64.6790;40.0;50.72;807.192;7478.52;72.839;
76.536;32.1449;372.199;768.1;68.4;0476.40;0.30;184.664;0.9760;30.0;
472.107;892.2;7029.372;139.476;36.432;72.2590;63.200;372.139;893.185;0208.58;
0.60;0.672;107.0631;901.0;472.139;784.36;2638.664;72.839;82.724;72.0782;
837.84;58.16;884.64;9338.70;0.60;72.807;192.7200;72.72;839.76;336.32;
1737.772;3.900;72.839;193.5600;885.8;60.0;30.72;8731.807;201.41;72.839;
84.7377;736.64;472.139;782.40;3746.472;137.584;8.716;184.3375;664.0;60.0;
472.107;3969.892;2.472;139.376;36.5642;332.72;33.200;772.139;6175.893;185.78;
0.70;0.5128;772.107;901.2;372.139;8439.384;36.380;72.837;84.7676;78.16;
839.68;536.88;2460.831;192.64;139.892;72.3885;839.76;336.64;372.139;2799.673;
16.472;3.900;72.8990;839.193;885.64;50.0;7989.40;72.807;201.72;72.8916;
839.84;636.32;672.3;9211.909;72.839;202.886;8.2961;40.0;70.72;807.210;
5097.43;72.837;68.517;16.4943;569.51;892.72;839.84;7103.736;32.572;141.513;
167.8478;46.0;30.72;839.68;5486.736;64.955;144.860;0.5908;50.0;472.137;
768.36;2148.740;184.764;0.40;0.7981;372.107;892.2;885.1;8435.50;0.70;
72.805;201.9348;64.7;50.0;572.139;7554.384;36.464;72.33;74.7767;48.72;
839.84;736.32;4795.776;139.376;2.78;76.9566;839.68;736.80;672.139;5669.909;
72.839;76.636;64.7533;932.61;56.0;70.72;0096.839;76.336;40.772;139.6576;
768.36;764.255;844.168;7972.50;0.40;51.910;72.3811;839.76;636.40;372.139;
0952.568;36.564;255.844;176.8922;40.0;30.72;839.76;2448.636;40.472;139.668;
36.2412;664.255;844.184;30.0;0056.40;144.772;131.896;56.7993;895.204;904.204;
904.204;2132.568;137.576;36.332;76.6288;837.68;636.24;672.137;5054.584;36.716;
72.837;76.5521;436.8;472.131;936.72;7973.884;1.70;0.30;72.4590;807.192;
38.72;839.76;9379.336;88.572;3.900;72.6023;839.193;565.184;68.0;8260.40;
0.351;210.672;139.1971;900.232;620.4;70.0;8266.884;1.60;0.60;72.8965;
807.192;416.72;839.76;7820.636;88.572;3.900;72.8461;839.193;472.137;368.36;
5913.332;184.664;0.60;0.1500;372.107;892.2;772.139;0994.776;36.332;72.839;
84.5421;636.80;472.139;682.104;4639.672;137.620;1.884;64.2838;60.0;70.72;
807.192;1181.62;72.839;76.536;32.3501;572.199;568.1;58.4;5654.70;0.30;
184.464;0.8990;50.0;472.107;892.2;3944.672;139.676;36.532;72.3919;63.200;
472.139;893.185;9034.58;0.60;0.672;107.1879;901.0;572.139;384.36;5657.796;
72.837;84.68;16.0280;472.199;768.36;748.0;9365.31;0.40;184.564;0.5991;
60.0;672.107;892.2;7483.472;139.676;36.732;72.6794;73.200;672.139;893.185;
8329.78;0.40;0.472;107.4568;901.1;472.139;684.36;1198.348;72.837;84.58;
16.1653;884.64;70.0;30.72;9956.807;192.62;72.839;76.4064;336.32;772.3;
900.72;7851.839;193.885;8.50;0.1529;30.72;807.201;62.139;4754.784;36.804;
72.837;84.5051;58.16;884.64;70.0;5489.60;72.807;192.32;72.6684;839.76;
736.32;572.3;3274.900;72.839;193.885;8.2169;30.0;60.72;807.201;4148.73;
72.841;84.536;48.2405;372.137;584.8;616.69;5587.551;192.772;139.584;36.5188;
632.72;841.13;930.4;4715.40;0.372;139.568;36.9776;780.255;844.160;60.0;
1815.50;72.837;68.336;40.5027;472.139;676.36;740.72;1985.839;68.736;80.955;
144.0988;868.0;30.0;751.210;0216.672;139.576;36.540;72.3485;839.68;436.80;
955.144;1466.876;0.60;0.372;139.2879;476.36;740.72;839.68;4643.436;80.955;
144.884;0.4646;50.0;844.72;831.196;6276.772;195.904;204.904;204.9531;904.204;
904.204;904.204;4588.904;204.904;204.672;137.0861;776.36;78.87;372.131;4911.936;
112.772;199.768;36.0151;748.0;70.0;30.72;7619.884;0.60;253.955;255.5478;
67.0;40.72;837.68;2748.536;40.472;141.768;36.0419;356.72;839.248;451.192;
5452.885;48.70;0.60;243.6292;870.184;71.0;40.0;7133.472;105.892;47.77;
0.1952;40.72;839.140;436.128;6408.30;0.60;72.43;65.8351;78.72;839.208;
472.139;9405.840;36.828;0.70;0.3319;932.21;54.0;30.144;4417.899;68.336;
32.50;0.7024;60.0;935.10;839.68;1716.536;32.955;192.837;68.7281;436.32;
831.124;636.32;8421.610;15.841;133.70;0.4836;70.184;71.0;50.0;7931.572;
105.892;75.77;0.8655;60.72;839.140;636.128;2845.30;0.70;72.33;65.0146;
58.72;839.208;572.139;6604.840;36.828;0.70;0.9105;932.205;43.0;70.65;
3895.884;48.60;0.40;72.0706;841.84;436.56;672.139;5956.376;36.340;72.839;
132.2720;636.128;70.0;60.255;3484.844;192.40;0.40;129.5488;824.36;488.0;
416.0;2236.50;117.632;72.839;68.3614;436.40;772.185;800.105;7776.815;111.814;
100.801;114.8528;572.57;78.117;412.72;5879.839;68.536;40.472;137.9512;668.36;
448.235;521.72;4430.839;68.336;40.672;45.3561;30.0;61.0;672.137;6807.768;
36.740;233.802;255.6703;955.255;372.131;824.36;3355.748;0.816;70.465;184.3361;
60.128;50.0;651.210;0624.572;139.376;36.648;72.2686;839.132;536.128;40.0;
5471.50;255.680;88.884;1.4519;50.0;40.72;805.192;2117.803;7.70;0.772;
139.4789;840.36;828.0;60.0;2619.672;3.465;8.676;139.5512;768.36;648.72;
839.208;8315.372;139.840;36.828;0.1969;50.0;932.35;43.0;7882.70;144.884;
1.60;0.7602;60.72;805.192;833.7;6740.30;0.672;139.840;36.5839;828.0;
60.0;672.3;8840.565;8.372;139.908;72.6128;839.140;736.128;30.0;3778.70;
232.950;2.70;0.4136;844.72;831.196;812.95;4126.895;204.904;204.672;137.8148;
776.36;78.72;831.236;0375.372;72.899;68.336;32.6591;70.0;70.0;472.184;
2014.60;0.953;255.955;7.0078;50.0;472.137;768.36;7515.440;72.831;124.436;
32.8629;60.117;453.65;885.4;2199.40;0.70;65.884;0.6155;548.0;60.186;
40.0;3662.41;0.572;139.476;36.7104;740.72;839.68;436.80;1580.955;80.648;
72.837;68.3394;736.32;772.139;668.36;6789.740;72.545;0.30;1.0019;50.72;
837.68;736.40;6838.935;195.472;184.800;105.6441;815.111;814.100;801.114;0425.572;
137.568;36.648;65.0000;884.8;70.0;60.72;2560.841;84.736;48.772;139.7268;
676.36;332.232;462.0;6027.40;0.884;1.40;0.8465;70.72;807.192;68.72;
3460.839;76.436;32.772;3.7113;900.72;839.193;365.184;6144.48;0.50;0.472;
141.6529;684.36;680.72;839.200;0868.932;23.50;0.60;72.8716;839.68;336.32;
772.131;9542.896;72.895;204.904;204.5158;904.204;904.204;904.204;6828.904;204.904;
204.576;137.0140;568.36;724.72;837.84;7760.736;16.372;137.376;36.1485;78.72;
831.236;640.72;3282.839;68.736;48.372;137.0254;74.36;372.139;768.36;2393.756;
72.837;68.336;8.2343;572.139;668.36;564.72;2315.837;68.636;16.372;139.8966;
468.36;764.72;955.200;4653.772;137.668;36.664;72.1718;831.124;636.16;40.116;
0168.440;72.839;4.736;72.7675;839.76;536.8;715.182;2599.69;136.48;72.839;
4.3503;636.72;955.192;472.137;2246.34;36.472;139.368;36.1419;38.72;955.192;
572.137;8588.568;36.68;235.885;72.6110;839.68;536.48;472.131;3539.896;40.895;
204.904;204.3096;904.204;904.204;904.204;8205.476;137.768;36.424;137.4927;584.36;
716.72;837.76;0919.436;8.372;131.936;24.7809;572.139;568.36;432.72;6228.837;
4.336;72.839;68.7512;336.48;472.137;568.36;2150.48;72.839;68.736;48.7135;
672.255;900.72;837.68;1830.436;48.572;131.824;36.4516;58.0;818.24;372.139;
2558.74;36.515;182.776;36.6549;540.136;38.72;839.4;6075.736;72.955;192.572;
137.2277;74.36;935.201;772.139;3712.768;36.632;72.831;196.3592;424.195;904.204;
904.204;0042.672;137.684;36.716;72.6964;837.76;336.8;572.131;4163.936;88.772;
139.376;36.7914;696.232;884.0;40.0;4502.837;68.636;36.899;68.2764;736.48;
756.0;50.0;7596.899;68.636;52.676;0.3846;70.0;899.68;436.56;3668.672;
0.70;0.899;68.8064;436.60;813.0;30.0;8486.899;68.436;64.354;0.0827;
30.0;899.68;336.68;5174.697;0.70;0.899;68.5490;336.72;353.0;40.0;
3961.899;68.536;76.765;0.2529;30.0;899.68;636.32;1404.40;0.60;0.935;
10.5761;839.68;636.32;955.192;8907.837;68.736;32.839;68.6556;336.36;357.68;
336.32;3814.815;58.839;68.436;32.0315;472.139;676.36;696.15;9830.890;4.51;
137.368;36.3937;640.51;910.139;568.36;4520.632;185.48;0.30;0.1863;947.241;
839.194;839.192;8667.839;76.336;40.451;76.8578;832.48;839.193;839.76;2073.336;
32.372;139.484;36.9348;804.136;54.10;935.178;3410.839;68.336;36.572;139.9414;
576.36;804.198;64.1;3739.60;184.41;0.40;0.1224;772.131;896.88;895.204;
8424.904;204.904;204.472;137.9212;776.36;68.72;831.236;4105.324;199.74;36.60;
0.7068;30.0;839.4;336.72;9903.839;76.436;32.415;190.0343;64.1;831.248;
955.116;2882.410;139.54;36.955;192.9779;837.4;736.235;929.139;5048.34;36.372;
131.896;24.3715;895.204;904.204;904.204;3076.904;204.904;204.904;204.3885;904.204;
472.137;676.36;5216.38;72.831;236.724;199.2115;74.36;40.0;30.0;6496.935;
8.839;4.736;255.7196;892.137;74.36;572.99;2952.64;36.772;139.376;36.7583;
632.15;890.4;51.133;3135.892;117.57;139.64;36.4032;955.192;935.2;935.222;
7614.772;131.896;24.895;204.0063;904.204;904.204;904.204;8474.472;137.484;36.616;
72.0994;837.76;536.8;476.137;7268.768;36.524;76.837;76.1111;436.32;895.204;
904.204;6011.904;204.904;204.904;204.0227;904.204;572.184;70.0;9415.953;255.955;
7.30;0.4385;472.187;800.105;815.111;9703.814;100.801;114.472;139.0455;48.72;
759.203;816.8;2658.572;45.70;16.30;0.4591;935.240;572.131;892.8;7186.776;
139.908;72.839;24.9541;572.131;951.2;827.100;1528.772;199.893;64.50;0.3738;
30.72;715.175;917.72;6490.831;192.48;72.43;195.7397;476.139;388.8;773.131;
9351.951;0.826;58.672;139.3248;472.16;373.131;951.1;3660.826;48.472;139.580;
24.8750;373.131;951.2;826.38;6394.676;139.664;32.473;131.9996;951.3;826.28;
776.139;7687.572;40.573;131.951;4.0649;826.18;376.139;688.48;7720.476;137.492;
36.440;76.3262;839.88;756.76;837.92;1766.636;48.477;139.626;73.3102;955.195;
577.137;726.72;9318.839;0.955;224.772;199.6288;892.0;70.0;50.195;9848.827;
41.560;60.589;5.5747;764.45;493.4;341.31;8598.682;13.380;0.955;116.5642;
335.41;621.122;58.87;0032.651;89.762;49.748;255.2597;818.56;712.29;390.255;
5196.819;34.412;20.391;0.7191;691.37;823.35;638.31;7658.800;14.764;53.593;
4.8359;645.29;770.4;471.255;3043.823;62.645;16.466;4.6407;815.40;684.41;
59.255;2198.823;32.639;2.483;41.7869;784.47;592.32;645.255;1691.810;37.758;
5.667;0.3251;389.7;574.41;745.255;1985.826;62.545;20.822;8.3501;487.51;
489.62;749.255;7260.810;37.758;5.767;0.2247;689.17;474.35;360.20;0134.785;
21.955;117.645;56.7584;639.95;34.66;514.94;4003.310;33.329;83.536;77.8586;
955.123;562.45;516.66;8822.64;115.640;84.641;5.8262;316.70;317.92;647.95;
4856.713;255.807;41.760;55.2769;595.13;380.17;687.37;7576.338;5.783;19.955;
106.7252;641.41;621.112;68.89;0752.436;255.809;34.437;16.5897;470.55;692.36;
579.3;6646.446;55.395;13.680;255.9083;806.56;536.48;582.5;9866.815;52.486;
47.460;24.2037;789.15;397.32;490.32;5089.345;255.823;62.445;16.2500;666.4;
597.41;474.41;8531.441;21.670;14.790;45.8866;811.35;758.26;955.107;0154.357;
42.628;95.721;97.0698;641.74;541.41;721.70;7184.514;90.745;111.635;58.3923;
426.255;811.45;733.5;3615.812;14.571;21.480;62.9590;745.16;582.17;490.46;
2289.584;27.439;3.393;34.6169;784.45;784.46;341.18;9660.593;18.955;123.732;
39.3266;42.83;453.93;451.93;3949.445;44.41;89.614;89.7060;722.87;762.35;
955.110;5798.537;58.45;67.50;89.9547;616.77;741.58;68.255;1151.806;56.536;
57.487;18.3022;593.20;486.37;443.30;5276.482;4.802;53.774;37.7078;438.22;
955.106;556.36;4569.435;84.340;91.450;93.8090;562.60;763.89;35.80;6475.74;
64.955;123.545;56.0768;45.67;319.80;823.24;8086.347;39.44;90.75;21.0103;
347.87;656.104;723.95;4878.615;81.397;116.38;26.5793;681.83;315.65;551.65;
4549.808;46.430;68.365;87.5411;732.75;441.104;384.70;2315.955;123.345;56.55;
67.2954;619.80;823.24;44.41;8098.62;94.345;92.547;83.6513;463.104;630.80;
57.70;1525.536;76.813;120.39;19.9083;525.255;823.45;556.5;4046.567;19.480;
123.524;41.3643;338.5;468.24;78.100;6874.472;108.444;21.687;6.6524;78.100;
772.108;742.16;2540.669;4.58;100.572;108.7449;627.24;776.4;822.39;5065.813;
33.541;22.683;92.4885;55.57;429.52;955.119;4939.758;45.43;65.519;92.7587;
753.93;31.41;61.70;3528.58;91.638;24.363;60.5206;516.68;521.80;737.255;
6055.791;118.620;6.395;15.9468;381.46;379.63;520.2;3050.479;18.565;36.685;
127.3252;822.45;469.17;369.54;7149.481;34.739;19.624;5.5612;689.45;668.47;
814.45;5295.565;8.691;37.587;59.5995;759.45;369.24;570.53;0489.493;33.823;
67.806;18.7888;569.49;687.46;534.2;9983.424;5.589;45.955;126.5267;537.38;
321.122;60.71;1273.538;93.610;61.731;85.1817;321.92;546.86;808.60;3449.520;
69.421;92.347;95.0284;808.109;52.255;826.37;5670.338;21.822;0.771;38.1000;
593.10;461.31;485.21;0889.792;46.686;108.459;4.7841;685.2;680.50;675.118;
8931.804;84.469;65.803;23.2691;821.113;820.9;719.25;8597.955;107.337;50.420;
11.0093;568.64;397.108;341.48;8315.45;101.44;86.353;81.9292;335.38;676.19;
317.255;2734.816;35.339;1.796;49.7668;721.19;811.108;444.30;7636.788;4.955;
85.341;37.2407;318.70;724.21;437.87;1677.534;45.955;116.335;39.5139;41.96;
549.21;319.96;6048.808;44.330;88.54;21.4869;808.24;447.41;529.90;0722.78;
91.638;24.662;61.8627;431.255;574.57;438.81;8186.668;4.365;52.374;34.3956;
445.21;955.126;437.38;4056.721;122.40;71.738;93.0802;410.61;331.85;521.92;
3886.546;86.808;46.616;95.1119;313.80;637.25;955.119;9959.458;45.73;65.519;
92.5109;353.93;71.41;51.70;0792.48;91.538;2.808;38.6819;430.22;518.64;
740.76;3483.545;42.329;83.765;113.8952;513.116;808.46;330.67;8347.615;81.955;
106.756;36.2351;648.82;45.115;652.86;2887.747;60.624;89.715;97.1600;732.90;
732.45;381.88;5442.520;88.635;93.662;104.6134;530.80;765.83;752.86;6681.547;
60.324;89.515;70.2720;823.24;805.61;381.87;0147.75;81.551;93.463;59.3264;
375.22;368.69;955.106;1082.356;36.748;82.45;115.9435;452.86;647.60;624.89;
3819.715;97.432;90.332;45.0139;681.121;742.255;813.34;0073.659;20.668;21.824;
47.2998;676.35;60.16;769.9;5437.597;32.790;32.745;75.8785;422.45;681.51;
472.4;4618.641;2.394;53.684;35.1768;384.41;804.31;789.21;0653.321;51.493;
63.539;29.8266;564.4;481.255;813.34;8656.559;20.368;21.824;47.3507;576.35;
50.16;469.9;8529.397;32.390;32.645;75.5096;622.41;784.50;780.0;3220.733;
31.393;18.721;46.7751;694.42;659.20;766.65;0595.764;47.783;34.539;6.8711;
788.255;813.34;459.20;9160.568;21.824;47.376;35.7981;70.16;569.9;597.32;
6756.390;32.545;75.322;51.5497;465.45;812.45;759.25;6946.399;15.792;34.587;
40.6258;345.34;366.19;492.47;9263.795;108.646;16.595;13.7633;680.37;324.124;
548.84;9288.690;25.955;113.434;59.5388;420.68;421.124;347.76;7822.735;0.516;
69.79;97.8421;632.90;332.45;675.22;2217.53;64.534;83.341;60.1577;642.19;
45.104;597.80;7765.445;59.325;11.481;77.7094;800.8;816.48;481.126;4264.30;
70.441;116.437;38.6048;426.69;792.16;549.255;7206.813;34.759;20.668;21.2184;
824.47;476.35;610.16;3596.769;4.816;37.392;62.2325;545.2;669.40;691.37;
6247.593;52.814;81.822;5.8202;371.49;817.35;744.4;5633.490;4.819;32.575;
41.2862;49.21;782.19;780.50;0180.575;5.638;21.683;25.1043;421.47;587.56;
804.3;0256.683;18.690;45.578;41.5425;644.255;813.34;659.20;1626.568;21.824;
47.476;35.8819;510.16;369.4;816.37;2917.692;62.545;2.569;40.4392;491.37;
793.52;814.81;6699.470;0.771;36.486;56.9014;817.84;770.65;770.40;8346.792;
41.817;84.769;65.7418;591.46;392.41;817.84;6367.770;67.525;97.516;58.0600;
339.24;582.75;528.49;4575.789;62.445;31.366;77.2764;321.51;681.43;332.5;
6510.422;94.321;99.806;110.4668;804.75;722.67;821.99;2416.620;108.396;7.389;
8.8292;681.107;717.34;739.21;6298.483;255.813;34.359;20.6510;768.21;824.47;
776.35;8256.51;31.464;4.471;53.6233;593.40;514.4;788.2;0528.565;40.387;
34.428;16.3118;384.13;780.123;624.0;7385.744;3.770;40.791;55.1516;493.62;
460.20;682.39;6534.564;47.691;56.733;30.1586;688.53;684.35;784.41;6048.804;
31.489;21.421;51.7388;493.63;739.29;564.4;4766.581;255.813;34.359;20.8215;
768.21;824.47;576.35;8280.31;31.364;4.571;53.1785;593.40;714.4;688.2;
8580.565;40.487;34.728;16.8016;584.13;780.123;424.34;9409.639;81.683;25.786;
36.3867;472.56;633.30;788.65;9754.381;40.674;41.543;5.7595;689.19;576.255;
813.34;6375.359;20.468;21.824;47.7775;776.35;31.31;764.4;8550.371;53.693;
40.514;4.7591;688.2;365.40;387.34;2331.428;16.584;13.380;123.1220;524.5;
414.37;722.7;0404.664;45.484;108.511;30.1382;667.15;765.124;629.57;8371.804;
60.387;25.818;46.5656;477.34;360.76;319.20;0995.955;113.334;59.620;68.3638;
721.124;447.76;335.1;5082.631;64.34;71.753;93.5972;740.14;54.88;62.65;
3631.640;87.434;28.316;84.9010;713.80;823.24;560.39;1916.42;11.668;64.597;
126.8910;357.38;718.66;48.90;1981.447;108.645;42.529;83.5890;792.16;449.24;
524.41;3576.619;90.34;102.640;66.3649;341.117;465.78;768.77;0907.955;106.641;
59.65;89.7765;319.80;823.24;726.33;6500.63;66.320;84.645;121.0042;432.36;
630.85;365.83;9995.432;81.432;45.721;255.4418;806.41;559.5;789.19;2417.480;
123.424;41.438;5.6637;768.24;58.100;572.108;0227.644;21.587;6.78;100.3970;
672.108;636.24;388.10;3617.580;37.624;37.738;5.0247;489.65;36.97;804.9;
3057.710;81.590;8.370;53.8269;475.255;785.45;456.1;0403.483;19.415;97.819;
58.1566;745.3;465.19;792.53;6769.593;1.641;1.370;8.2495;391.38;324.62;
445.5;1862.567;19.391;36.692;96.2513;804.5;594.19;680.32;9870.492;108.745;
9.395;21.9735;492.47;395.255;804.41;2988.658;2.595;18.565;97.5618;393.34;
360.20;468.4;5126.481;255.827;45.660;20.8603;812.20;491.34;576.37;9174.439;
31.522;4.691;53.1710;393.62;745.21;955.104;4734.345;59.42;95.615;82.5571;
397.72;335.33;731.66;1621.44;71.797;76.535;104.8830;731.83;425.65;497.72;
1296.745;49.529;89.70;81.8496;955.104;362.39;75.83;1436.32;65.797;93.734;
60.1535;420.68;44.81;955.127;3949.340;33.566;4.379;81.7664;545.84;955.109;
363.45;8720.43;5.583;27.537;84.7108;732.255;827.41;460.53;4676.817;255.825;
34.461;28.8696;698.9;771.36;789.40;3018.631;24.788;5.790;54.0563;675.255;
825.34;661.28;9787.821;3.495;36.491;56.5728;759.255;806.57;338.33;6360.687;
24.389;46.489;40.2027;804.16;366.65;484.37;3135.792;62.645;2.469;92.8225;
316.49;424.59;733.5;7042.394;65.316;40.524;45.5097;658.22;767.12;380.47;
7197.676;63.955;126.662;45.4159;320.100;64.91;437.93;1791.454;62.430;67.418;
101.2073;646.81;534.60;781.69;1502.621;84.751;76.641;44.6167;955.126;462.45;
320.100;4479.44;91.537;93.354;62.7212;430.67;418.101;746.81;4770.334;60.381;
90.714;90.4662;649.81;634.47;955.126;5356.562;45.520;100.64;91.2340;437.93;
354.62;630.67;0780.418;101.446;81.634;60.2183;575.22;47.71;436.93;3561.740;
104.684;70.955;126.9485;462.45;520.100;54.91;4808.437;93.454;62.330;67.0412;
418.101;346.81;734.60;2930.581;80.78;91.640;75.4311;436.45;521.255;808.36;
0304.761;31.782;4.571;14.9973;686.32;549.57;487.17;3871.369;36.686;63.331;
25.5778;483.15;824.53;575.30;4689.541;24.688;8.591;38.7552;955.255;904.204;
904.204;9679.904;204.904;204.904;204.0173;904.204;596.16;60.0;6026.468;137.468;
36.424;72.6519;837.84;536.16;672.137;7205.476;36.78;87.372;129.5018;936.112;
32.0;40.72;7551.839;132.736;128.52;0.1276;30.72;837.68;436.80;6637.572;
139.832;36.836;2.3058;60.0;572.137;668.36;1060.572;72.884;117.810;107.7821;
810.111;819.110;812.72;1611.837;68.636;104.372;184.8202;808.101;397.115;817.114;
9091.801;115.772;137.568;36.2529;812.199;468.36;464.1;2703.30;0.30;184.78;
0.2450;60.0;572.107;892.1;1511.572;99.676;36.664;72.1591;886.107;801.97;
815.117;7924.814;101.815;72.53;202.4332;372.57;376.4;804.116;3709.348;184.58;
0.50;0.8286;772.107;892.0;372.139;9587.668;4.804;72.837;68.1875;636.80;
884.8;30.0;5364.30;72.807;192.41;72.4995;839.68;34.104;772.137;2595.568;
36.572;139.368;36.4120;464.255;900.137;668.36;9090.564;72.841;132.636;192.3179;
70.0;60.72;839.248;3407.751;192.885;168.41;0.0685;60.243;870.72;841.5;
9632.872;13.40;0.772;137.0972;768.36;820.72;839.68;4020.736;72.472;137.668;
36.7953;332.76;839.76;736.80;3376.765;184.926;1.70;0.1976;572.139;484.36;
820.72;1188.841;140.336;192.60;0.4966;70.232;732.3;50.0;3779.565;184.44;
1.30;0.8285;651.210;472.141;840.36;8978.364;1.60;0.932;187.3738;69.0;
60.184;41.0;1927.50;0.572;105.892;185.0842;70.0;50.72;839.140;8532.536;
200.60;0.60;72.6797;43.200;472.139;893.72;8096.837;68.736;88.772;139.9473;
776.36;788.232;830.11;9609.70;0.372;152.676;139.1743;892.72;839.84;436.88;
4291.772;141.840;36.364;1.2739;70.0;932.251;58.0;6022.30;255.848;36.516;
1.3924;40.0;672.139;900.255;2898.848;36.524;1.40;0.7465;837.68;436.68;
672.141;6964.840;36.764;1.30;0.9362;932.73;711.0;70.255;7104.900;72.852;
72.841;132.7512;54.64;71.0;30.65;4004.884;10.70;0.50;72.3945;839.208;
839.76;336.68;7724.955;148.536;56.51;0.2938;60.184;61.0;50.0;6625.472;
105.892;212.40;0.0541;50.72;839.140;536.200;4214.60;0.30;72.63;200.7682;
572.139;893.72;837.68;5241.736;96.572;139.776;36.4581;796.232;60.11;70.0;
1728.955;192.772;152.372;137.1748;832.36;828.0;60.0;3625.672;141.840;36.464;
1.1315;70.0;932.231;710.0;6445.50;255.900;72.852;72.4745;841.132;54.64;
71.0;7531.40;72.839;140.536;128.1925;40.0;40.76;839.193;9411.472;139.684;
36.596;72.7419;839.200;932.83;78.0;6557.70;184.31;0.60;0.7406;372.105;
892.217;60.0;8599.40;72.839;140.536;200.6804;60.0;40.72;33.200;7684.472;
139.893;72.839;208.5040;772.141;840.36;892.0;9320.30;0.932;217.710;0.4777;
40.184;51.0;50.0;1695.472;105.892;243.30;0.3932;40.72;839.140;736.200;
8295.60;0.70;72.33;200.8981;472.139;893.76;839.76;7114.536;72.576;139.468;
36.4353;780.72;839.208;672.141;0786.840;36.892;0.40;0.0290;932.165;610.0;
70.184;0831.71;0.70;0.572;105.7788;892.31;71.0;60.72;4191.839;140.736;
200.30;0.3627;60.72;33.200;772.139;1508.893;76.839;140.636;224.0291;60.0;
70.76;839.132;0157.436;208.50;0.40;72.4068;839.208;472.141;840.36;3756.892;
0.40;0.932;107.4932;410.0;30.184;61.0;9825.60;0.672;105.892;73.9768;
51.0;70.72;839.140;6286.736;200.70;0.50;72.4013;63.200;672.139;893.68;
6403.839;68.436;68.472;139.9654;908.72;841.140;436.192;7971.60;0.60;232.660;
10.8277;60.0;372.141;832.36;3935.836;0.30;0.472;139.5722;948.51;892.185;
548.0;9789.60;0.943;170.465;184.2395;448.0;60.0;372.141;9179.848;36.836;
0.60;0.1008;772.141;713.35;953.255;0719.955;255.848;36.532;1.5054;60.0;
884.1;40.0;0588.30;72.805;192.788;1.1063;50.0;472.139;840.36;0914.900;
0.50;0.472;3.4701;900.72;839.193;839.140;3759.736;172.70;0.40;137.6722;
676.36;548.139;840.36;8881.868;0.60;0.837;76.2453;636.40;839.140;636.176;
0741.60;0.40;137.676;36.7733;332.76;839.140;636.144;1486.30;0.70;76.839;
132.2343;736.136;60.0;60.72;1855.839;208.772;141.840;36.2519;892.0;70.0;
932.177;5454.49;0.40;72.841;140.3771;336.192;50.0;40.232;8294.720;8.60;
0.884;1.4245;50.0;40.72;805.192;2670.855;1.30;0.672;139.7267;840.36;
900.0;70.0;3581.772;3.900;72.839;193.2254;772.139;908.72;841.140;6691.636;
192.50;0.40;232.3401;822.9;40.0;885.192;8638.339;9.70;255.848;36.8005;
540.1;40.0;884.1;3503.30;0.60;72.805;192.1050;872.1;40.0;772.139;
5949.840;36.900;0.40;0.0784;572.3;900.72;839.193;5299.472;139.908;72.841;
140.0448;536.192;50.0;50.232;8726.768;9.40;0.551;192.0610;672.129;896.112;
42.0;3552.60;95.895;204.904;204.6603;904.204;904.204;904.204;1911.776;137.568;
36.524;72.7223;837.84;636.16;672.137;3666.676;36.58;72.831;236.5573;640.72;
839.76;536.64;1004.372;139.368;36.348;255.9899;480.56;472.139;576.36;1812.656;
72.837;1.572;139.7733;668.36;656.72;831.56;2852.60;117.421;72.839;76.3632;
436.64;372.139;668.36;4783.648;255.480;48.672;139.8223;776.36;756.72;837.1;
4321.572;131.896;40.895;204.7321;904.204;576.137;576.36;7617.632;68.837;68.736;
24.7895;472.137;584.36;516.72;1496.837;76.436;8.487;72.9075;829.236;828.0;
30.0;4919.898;68.536;56.326;198.4113;468.36;757.34;898.68;8226.436;58.421;
198.468;36.7039;559.16;898.68;436.60;1411.747;198.568;36.561;24.1122;898.68;
336.62;37.198;0962.368;36.463;10.898;68.8391;636.64;432.198;768.36;6830.365;
39.898;68.636;66.2343;48.198;768.36;567.7;9546.898;68.736;68.955;72.2934;
841.84;336.56;472.141;7206.676;36.356;232.536;7.0985;40.0;572.139;832.36;
5374.844;0.30;0.772;139.9610;840.36;868.0;50.0;8339.572;137.672;16.772;
139.3911;832.36;844.0;50.0;0784.672;139.840;36.876;0.5488;60.0;772.137;
572.32;5156.772;141.584;36.756;72.2618;839.132;436.144;70.0;8409.40;72.839;
72.416;72.5190;839.132;736.144;30.0;3631.60;255.480;32.372;139.6633;840.36;
844.0;60.0;6107.572;137.465;40.839;132.8359;436.160;70.0;50.65;3893.885;
4.40;0.60;65.6389;884.0;516.0;30.139;3478.908;51.901;72.839;132.2960;
436.144;30.0;30.255;2399.780;40.672;139.840;36.2762;844.0;60.0;572.137;
0230.565;8.839;132.436;160.5786;30.0;40.68;839.192;1545.772;139.848;36.852;
0.3303;50.0;472.139;832.36;0981.844;0.30;0.372;139.4159;672.8;932.35;
35.0;4487.70;72.839;132.336;144.4105;60.0;30.72;839.64;1071.48;72.837;
68.636;72.6764;572.139;832.36;844.0;3320.30;0.839;76.536;72.4301;839.64;
38.43;893.59;9435.832;36.860;0.40;0.6237;815.74;772.139;832.36;1339.844;
0.60;0.772;139.2108;680.8;772.139;832.36;5420.844;0.30;0.672;139.6442;
672.8;932.59;46.0;1688.60;72.839;132.636;144.7374;70.0;70.72;839.72;
4309.48;232.458;7.40;0.5673;572.152;672.139;840.36;2556.844;0.40;0.772;
3.4486;765.8;672.139;840.36;0567.844;0.70;0.472;137.3344;365.8;935.156;
672.139;8717.832;36.844;0.70;0.9524;672.139;776.36;472.72;3806.837;72.48;
184.31;0.2078;60.0;572.107;892.0;7579.372;139.840;36.844;0.0582;60.0;
672.3;565.8;5936.672;139.908;72.839;132.7738;736.144;60.0;40.72;5640.839;
72.716;72.839;132.3248;736.144;40.0;70.255;0068.380;32.672;139.840;36.7505;
844.0;30.0;772.137;5827.365;56.884;1.30;0.4810;40.72;807.192;417.72;
8498.839;140.736;144.40;0.5424;30.72;73.65;48.72;2025.839;208.672;139.832;
36.6648;844.0;30.0;372.139;0369.572;16.672;139.832;36.6932;844.0;50.0;
955.80;8898.332;72.839;140.336;144.4246;30.0;60.72;837.65;5267.348;184.61;
0.70;0.6844;672.107;892.30;672.139;1123.840;36.844;0.50;0.8213;472.3;
565.8;372.139;5973.840;36.844;0.30;0.0978;772.131;893.24;776.139;1057.892;
72.839;209.372;139.0638;840.36;844.0;60.0;3337.932;115.953;255.955;184.7820;
41.0;60.0;672.107;7686.892;37.672;139.840;36.4993;844.0;70.0;372.3;
2718.565;8.376;139.892;72.1968;841.84;536.120;372.139;3134.840;36.844;0.70;
0.7608;932.73;953.255;955.199;2537.668;36.632;0.70;0.5351;50.72;841.68;
436.80;5196.572;139.948;51.892;185.7940;640.0;70.0;943.170;4170.884;1.70;
0.70;72.1011;807.192;661.72;839.76;5836.536;72.772;3.900;72.8519;839.193;
372.139;840.36;7996.844;0.40;0.772;137.2038;565.8;772.139;832.36;3425.844;
0.40;0.372;131.8620;892.64;885.8;30.0;1868.30;72.807;201.70;72.7440;
837.68;612.80;672.139;2351.832;36.844;0.50;0.0702;372.131;892.72;885.8;
4379.60;0.30;72.807;201.0635;71.72;837.68;612.80;1245.899;68.636;32.62;
0.6695;40.0;899.68;536.36;0271.50;0.60;0.935;10.1656;839.68;336.36;
955.192;4583.837;68.536;36.839;68.3791;436.32;657.68;536.36;5737.825;93.672;
139.832;36.9756;844.0;30.0;672.139;5248.780;8.572;139.832;36.6181;844.0;
70.0;372.139;8738.472;16.472;139.832;36.6915;844.0;70.0;955.80;4173.432;
72.799;76.536;36.6755;372.139;376.204;380.72;0427.837;1.672;139.832;36.3866;
844.0;60.0;772.139;2813.672;8.932;101.45;0.4768;30.72;852.72;839.140;
7678.636;144.60;0.40;72.7012;43.65;38.72;839.140;4046.536;144.50;0.50;
72.9498;837.65;68.235;843.72;1923.839;132.436;144.30;0.4091;40.72;831.192;
480.185;2735.78;0.50;0.372;107.9561;901.0;372.137;668.12;5392.680;72.839;
132.336;144.1501;70.0;60.72;831.192;8159.788;185.58;0.40;0.6828;472.107;
901.1;672.137;7885.568;12.480;199.468;36.6215;632.2;60.0;50.199;8513.568;
36.340;0.40;0.8688;30.235;310.139;368.36;9131.440;255.892;137.368;36.0857;
340.139;668.36;632.57;0899.368;36.740;125.493;72.1113;839.132;336.144;40.0;
7118.70;72.839;80.78;72.2763;839.132;436.144;30.0;1740.60;72.839;72.416;
72.7607;839.132;336.144;40.0;4695.70;255.680;32.572;99.1108;476.36;540.72;
839.76;1481.904;80.472;137.41;72.6283;839.132;336.144;70.0;5658.60;72.839;
72.68;232.1769;874.4;60.0;472.152;8546.572;139.840;36.844;0.0913;50.0;
372.3;365.8;6842.672;139.840;36.844;0.9546;70.0;772.137;565.8;0188.935;
143.472;139.832;36.9566;844.0;30.0;772.131;8572.892;96.885;8.70;0.5086;
40.72;807.201;30.72;2101.837;68.712;80.672;139.0994;832.36;844.0;70.0;
7709.472;131.892;104.885;8.7569;50.0;70.72;807.201;8942.31;72.837;68.512;
80.5664;772.139;832.36;844.0;1337.50;0.672;131.892;112.7969;885.8;30.0;
30.72;9142.807;201.52;72.837;68.4383;712.80;899.68;536.32;9381.43;0.40;
0.899;68.2579;736.44;70.0;60.0;3533.935;10.839;68.436;44.6220;955.192;
837.68;736.44;3503.839;68.636;32.557;68.3117;536.44;825.93;572.139;2902.832;
36.844;0.30;0.8611;372.139;680.8;772.139;8171.832;36.844;0.60;0.0350;
572.139;772.16;772.139;9321.832;36.844;0.30;0.5575;955.80;632.72;399.76;
7173.636;44.472;139.676;204.9907;380.72;837.1;772.139;5293.832;36.844;0.50;
0.6774;672.139;772.8;932.221;0566.73;0.60;72.852;72.4920;839.140;336.144;
70.0;4884.30;72.33;65.38;72.9008;839.140;636.144;50.0;7873.70;72.837;
65.78;235.9939;843.72;839.132;636.144;5274.50;0.50;72.831;192.9376;820.185;
78.0;30.0;6320.372;107.901;0.772;137.1750;768.12;580.72;839.132;8922.336;
144.60;0.50;72.2002;45.144;41.0;30.185;3055.78;0.30;0.572;107.5875;
901.1;472.137;768.12;3568.480;72.839;132.336;144.2160;70.0;40.72;45.136;
5204.41;0.50;185.38;0.5281;40.0;472.107;901.2;6702.372;137.668;12.680;
72.4277;839.132;636.144;60.0;8730.70;72.35;152.31;0.9454;50.185;48.0;
50.0;1170.772;107.901;3.572;137.5181;568.12;380.72;839.132;0414.536;144.70;
0.70;72.0874;65.160;61.0;30.185;3983.78;0.40;0.372;107.4227;901.4;
472.137;468.12;4813.780;199.768;36.532;5.3405;30.0;60.199;768.36;5872.548;
0.30;0.70;235.9684;510.139;368.36;648.255;8353.892;137.668;36.448;139.3463;
468.36;432.57;668.36;6403.648;125.493;72.839;132.2901;736.144;60.0;30.72;
6641.839;80.48;72.839;132.2583;336.144;30.0;30.72;1027.839;72.324;72.839;
132.8168;536.144;60.0;40.255;7514.580;32.472;99.676;36.7702;548.72;839.76;
904.80;8300.772;137.31;72.839;132.5452;636.144;50.0;50.72;4569.839;72.68;
232.908;2.4361;70.0;572.152;372.139;8717.840;36.844;0.40;0.8372;472.3;
665.8;672.139;4229.840;36.844;0.50;0.1868;372.137;465.8;935.143;2549.672;
139.832;36.844;0.8924;60.0;839.76;336.72;7145.839;64.58;43.893;139.0626;
892.68;839.192;451.210;1537.572;139.676;36.772;232.0938;862.0;50.0;672.139;
4690.832;36.844;0.50;0.4165;672.139;576.36;472.72;1095.837;72.48;72.829;
196.6019;828.0;70.0;695.195;0833.904;204.904;204.904;204.4619;904.204;676.137;
368.36;8307.324;72.837;84.436;16.0897;772.137;476.36;58.72;3280.831;236.540;
72.839;68.4448;536.48;472.137;64.36;1960.472;139.468;36.656;72.5186;837.68;
636.8;572.139;9574.568;36.664;72.837;68.9397;736.16;372.139;468.36;8030.664;
72.955;200.572;137.8877;668.36;364.72;831.124;4747.536;16.50;116.540;72.1298;
839.4;636.72;839.76;0866.436;8.715;182.49;136.9790;78.72;839.4;636.72;
6407.955;192.572;137.64;36.3021;472.139;668.36;78.72;6445.955;192.772;137.568;
36.0744;58.235;885.72;839.68;0949.636;48.772;131.896;40.7075;895.204;904.204;
904.204;9485.904;204.904;204.776;137.9634;568.36;324.137;784.36;1568.516;72.837;
76.636;8.5795;672.131;936.24;772.139;6454.468;36.332;72.837;4.7952;536.72;
839.68;636.48;6052.672;137.668;36.68;72.8531;839.68;736.48;672.255;1829.900;
72.837;68.736;48.5257;572.131;824.36;78.0;9080.818;24.672;139.44;36.0378;
415.182;676.36;440.136;7682.48;72.839;4.436;72.4007;955.192;772.137;44.36;
1043.935;201.572;139.668;36.0519;332.72;831.196;724.195;1812.904;204.904;204.672;
137.2561;376.36;58.72;831.236;9743.524;199.34;36.60;0.0147;60.0;839.4;
436.72;5256.831;196.724;195.904;204.1172;904.204;904.204;904.204;8633.472;137.776;
36.48;72.9616;831.236;640.72;839.76;4755.436;48.932;205.955;255.6769;955.144;
372.131;896.40;7263.895;204.904;204.904;204.9197;904.204;772.137;676.36;0965.68;
72.831;236.372;72.4621;841.5;908.255;955.255;0331.772;137.568;36.740;199.6166;
468.36;632.0;60.0;5071.70;72.839;68.336;40.6227;472.137;468.36;348.72;
0555.839;76.536;80.955;84.3817;436.48;844.72;831.196;9588.372;195.904;204.904;
204.6832;904.204;904.204;904.204;0780.572;137.684;36.616;72.5394;837.76;536.8;
772.131;2899.936;88.772;139.776;36.4107;696.232;884.0;60.0;3369.837;68.736;
36.899;68.0846;536.48;776.0;30.0;2900.899;68.536;52.775;0.6905;50.0;
899.68;536.56;7940.803;0.60;0.899;68.1286;336.60;800.0;50.0;3209.899;
68.536;64.590;0.0380;70.0;899.68;336.68;2813.821;0.60;0.899;68.8348;
536.72;807.0;50.0;2547.899;68.736;76.675;0.1139;50.0;899.68;336.32;
5573.30;0.60;0.935;10.1595;839.68;336.32;955.192;2082.837;68.736;32.839;
68.6202;636.36;557.68;436.32;7682.815;58.839;68.436;32.5056;672.139;776.36;
396.15;3985.890;4.71;137.368;36.3664;340.51;910.139;568.36;3743.432;185.48;
0.30;0.5419;947.241;839.194;839.192;2688.839;76.436;40.651;76.0534;832.48;
839.193;839.76;6184.336;32.372;139.684;36.0014;804.136;34.10;935.178;5945.839;
68.436;36.372;139.1445;676.36;804.198;44.1;9974.50;184.31;0.50;0.6193;
572.131;896.88;895.204;9085.904;204.904;204.572;137.4007;476.36;58.72;831.236;
4168.424;199.74;36.70;0.8743;30.0;839.4;536.72;4547.839;76.336;32.315;
190.5223;34.1;831.248;955.116;9251.710;139.74;36.955;192.8485;837.4;536.235;
929.139;6428.44;36.672;131.896;24.4413;895.204;904.204;904.204;3786.904;204.904;
204.904;204.7521;904.204;572.137;776.36;4934.38;72.831;236.624;199.9432;44.36;
40.0;70.0;9933.935;8.839;4.736;255.4570;892.137;74.36;672.99;4894.64;
36.772;139.476;36.3326;532.15;890.4;71.133;3780.892;117.57;139.34;36.0748;
955.192;935.2;935.222;0194.572;131.896;24.895;204.4407;904.204;904.204;904.204;
4347.672;137.784;36.416;72.2542;837.76;436.8;676.137;2672.668;36.424;76.837;
76.1104;536.32;672.131;936.72;0559.884;1.50;0.70;72.4038;807.192;70.198;
368.4;5357.632;97.884;1.60;0.4749;70.72;807.192;51.198;1272.368;4.532;
0.772;139.7928;468.36;680.72;45.128;9529.70;0.50;72.841;84.9516;336.32;
472.139;900.72;5064.839;68.536;80.955;144.2295;836.1;50.0;772.137;0128.468;
36.340;72.831;124.6876;336.40;50.117;72.235;8976.811;72.841;68.636;96.7463;
772.137;468.36;748.76;2265.839;68.436;48.672;139.1078;684.36;788.72;839.76;
9757.336;40.472;139.768;36.5645;780.255;844.152;71.0;6080.50;72.899;68.536;
48.4721;70.0;50.0;884.1;4077.50;0.30;72.807;192.4776;70.198;568.4;
536.10;5382.884;1.50;0.40;72.0972;807.192;51.198;568.4;7695.736;0.472;
141.784;36.5601;436.72;839.76;436.40;2506.572;139.468;36.680;255.8679;844.144;
61.0;30.72;9295.839;76.536;40.372;139.8880;368.36;480.255;844.160;1236.51;
0.50;144.372;131.6440;896.72;895.204;904.204;7903.904;204.904;204.904;204.8702;
904.204;372.184;70.0;2712.953;255.955;7.70;0.0547;372.187;800.105;815.111;
1074.814;100.801;114.772;139.9096;38.72;559.203;816.8;1973.472;45.50;16.50;
0.3198;935.240;772.131;892.8;3023.676;139.908;72.839;24.4000;372.131;951.2;
827.100;3506.372;199.893;64.60;0.0033;60.72;415.175;917.72;7693.831;192.38;
72.63;195.1597;776.139;488.8;773.131;1935.951;0.826;58.772;139.9921;672.16;
373.131;951.1;8647.826;48.672;139.680;24.5237;673.131;951.2;826.38;1245.676;
139.664;32.673;131.6217;951.3;826.28;376.139;0845.472;40.473;131.951;4.9476;
826.18;576.139;388.48;3046.676;137.392;36.740;76.8061;839.88;656.76;837.92;
6287.636;48.777;139.626;73.0282;955.195;477.137;726.72;4788.839;0.955;224.672;
199.2384;892.0;60.0;40.195;5073.511;46.419;41.553;29.2377;730.39;741.3;
56.10;0670.562;21.714;10.955;0.5177;736.6;40.22;516.9;9123.557;45.757;
30.537;255.8395;61.56;317.7;540.13;9404.955;3.637;35.61;55.7901;424.5;
447.15;336.9;8640.410;8.722;30.363;41.5194;43.2;78.42;428.25;6397.955;
26.534;21.416;47.6148;424.7;413.62;346.2;2655.955;15.739;8.723;63.4415;
749.10;537.40;439.2;9059.955;11.446;19.539;47.2506;611.25;346.34;763.55;
3847.522;53.526;14.756;63.2640;955.11;446.19;352.40;1393.422;8.346;63.756;
46.3364;60.255;626.34;721.16;2569.647;24.77;26.657;46.1273;421.29;955.31;
539.2;7151.61;42.955;11.646;19.5833;440.59;410.31;614.62;2599.557;8.522;
255.719;62.4556;311.16;453.24;955.42;6879.359;21.613;52.613;13.9832;955.42;
436.23;41.52;0442.955;58.645;23.722;51.3093;623.31;445.255;742.40;0839.711;
11.341;28.955;47.7352;813.59;717.41;428.25;9676.756;16.359;18.76;54.9479;
616.8;523.37;438.6;9129.53;63.738;19.825;120.0364;801.255;698.39;48.3;
4993.955;5.337;14.416;22.7481;722.10;347.41;557.38;0708.420;51.389;24.662;
47.6365;540.2;323.41;531.30;4300.339;109.955;13.447;3.1763;522.21;631.32;
446.62;6753.537;2.58;105.675;81.1419;807.105;759.71;737.62;0552.729;25.54;
42.712;2.3122;516.10;311.4;440.13;6592.347;3.522;63.310;24.9944;813.108;
810.23;955.13;1457.659;14.373;100.550;14.7328;557.34;746.11;787.104;3033.567;
75.810;60.807;38.1020;320.51;484.85;512.41;2744.363;55.422;53.326;42.1156;
347.40;357.2;423.41;6502.767;75.810;60.955;28.4293;657.8;37.63;410.24;
8863.807;5.715;93.768;127.0385;412.255;433.42;514.10;8205.727;26.331;113.808;
9.3350;66.23;563.68;778.59;5560.808;10.711;8.753;26.7949;541.42;363.46;
390.65;0592.742;89.763;50.660;46.0643;690.84;434.92;591.115;2762.320;107.352;
16.559;13.3916;514.118;824.51;766.84;5229.698;33.375;27.362;36.2977;519.89;
806.1;678.123;4382.816;19.955;33.742;14.9958;510.27;426.31;807.63;8505.639;
2.31;42.616;5.1559;444.255;333.42;414.10;8060.627;26.731;107.362;46.6643;
419.17;640.23;32.37;1680.643;255.545;255.324;35.1800;518.10;662.28;325.4;
2593.434;39.530;44.759;9.9857;627.46;434.56;748.12;7273.663;23.334;63.563;
25.2165;56.13;652.16;55.44;5557.955;255.904;204.904;204.3644;904.204;904.204;
904.204;1452.904;204.904;204.50;0.6579;60.0;809.124;648.124;3505.752;50.650;
